text,category,quality
"Write a Python function to convert JSON data to CSV format, considering nested objects and arrays, and handle missing values by replacing them with 'NaN'. Ensure the output is in UTF-8 encoding and add headers with 'json_key' prefix.",Programming,excellent
Build a RESTful API using Django to manage a list of books with CRUD operations. Include user authentication and authorization. The API should be documented using Swagger.,Programming,excellent
"Implement a Java method to sort an array of custom objects based on multiple fields, using a Comparator. The objects have the following properties: name (String), age (int), and salary (double).",Programming,excellent
"Create a React component to display a list of products with images, names, and prices. Use Redux for state management and handle pagination.",Programming,excellent
Write a Bash script to automate the deployment of a Flask application to a remote server using SSH. Handle potential errors and include logging capabilities.,Programming,excellent
"Use a TensorFlow model to predict house prices based on features such as number of bedrooms, square footage, and location. Train the model on a dataset of 1000 samples and evaluate its performance on a test set.",Programming,excellent
"Implement a simple chatbot using Python and the NLTK library to respond to basic user queries, such as 'hello' or 'what is your name'. Include a list of keywords and corresponding responses.",Programming,good
Build a Node.js module to handle HTTP requests to a database using PostgreSQL. Return the results in JSON format.,Programming,good
Write a C++ function to calculate the factorial of a given integer using recursion.,Programming,good
Use a PHP library to connect to a MySQL database and fetch data from a table named 'users'. Handle potential errors.,Programming,good
Create a JavaFX GUI application to display a table of data with columns and rows.,Programming,good
Write a Python script to scrape data from a website using BeautifulSoup and store it in a CSV file.,Programming,good
Implement a simple login system using Python and the SQLite database to store user credentials.,Programming,good
Use a Python library to send emails using SMTP and include attachments.,Programming,good
Write a Bash script to automate the installation of a Java project using Maven.,Programming,good
Create a simple game using JavaScript and the Phaser library. Include characters that can move around the screen.,Programming,good
"Implement a data structure to store a list of elements in Python, with methods to add, remove, and search for elements.",Programming,good
Use a PHP framework to create a simple web application with a home page and a login page.,Programming,good
Write a Java method to find the maximum value in an array of integers.,Programming,good
Implement a simple to-do list using Python and the Tkinter library.,Programming,good
Create a simple calculator using JavaScript and HTML/CSS.,Programming,good
Write a C++ program to find the sum of all elements in an array.,Programming,good
Build a simple GUI application using Python and the tkinter library to display a list of items and allow users to add or remove items.,Programming,good
Implement a simple queue data structure in Python.,Programming,good
Create a simple chat application using Python and the socket library.,Programming,good
Write a Java program to find the factorial of a given integer.,Programming,good
Use a Python library to connect to a MongoDB database and perform CRUD operations.,Programming,good
Implement a simple stack data structure in Python.,Programming,good
Write a Bash script to automate the deployment of a Node.js application to a remote server using SSH.,Programming,good
Create a simple game using Python and the Pygame library. Include characters that can move around the screen.,Programming,good
Build a simple RESTful API using Node.js and Express.js to manage a list of books.,Programming,good
Implement a simple binary search algorithm in Java.,Programming,good
Use a Python library to send emails using SMTP and include attachments.,Programming,good
Write a Java program to find the minimum value in an array of integers.,Programming,good
Create a simple to-do list using JavaScript and HTML/CSS.,Programming,good
Write a C++ program to find the average value of all elements in an array.,Programming,good
Implement a simple queue data structure in Java.,Programming,good
Use a Python library to connect to a PostgreSQL database and perform CRUD operations.,Programming,good
Create a simple GUI application using JavaScript and the DOM library to display a list of items and allow users to add or remove items.,Programming,good
Write a Bash script to automate the installation of a Python project using pip.,Programming,good
Implement a simple binary search algorithm in Python.,Programming,good
Use a PHP framework to create a simple web application with a home page and a login page.,Programming,good
Write a Java program to find the sum of all elements in an array.,Programming,good
Create a simple chatbot using JavaScript and the Watson API to respond to basic user queries.,Programming,good
Write a C++ program to find the maximum value in an array of integers.,Programming,good
Implement a simple stack data structure in Java.,Programming,good
Use a Python library to connect to a SQLite database and perform CRUD operations.,Programming,good
Create a simple GUI application using Python and the Tkinter library to display a list of items and allow users to add or remove items.,Programming,good
Write a Bash script to automate the deployment of a Python application to a remote server using SSH.,Programming,good
Implement a simple queue data structure in C++.,Programming,good
Use a PHP library to connect to a MySQL database and fetch data from a table named 'users'.,Programming,poor
Write a Java program to sort an array of integers.,Programming,poor
Create a simple chat application using Python and the socket library.,Programming,poor
Implement a simple binary search algorithm in C++.,Programming,poor
Use a Python library to send emails using SMTP.,Programming,poor
Write a C++ program to find the average value of all elements in an array.,Programming,poor
Create a simple GUI application using JavaScript and the DOM library to display a list of items and allow users to add or remove items.,Programming,poor
Implement a simple stack data structure in Python.,Programming,poor
Use a PHP framework to create a simple web application.,Programming,poor
Write a Java program to find the maximum value in an array of integers.,Programming,poor
Create a simple to-do list using JavaScript and HTML/CSS.,Programming,poor
Write a C++ program to find the sum of all elements in an array.,Programming,poor
Implement a simple queue data structure in Java.,Programming,poor
Use a Python library to connect to a PostgreSQL database.,Programming,poor
Create a simple game using Python and the Pygame library. Include characters that can move around the screen.,Programming,poor
Write a Java program to find the minimum value in an array of integers.,Programming,poor
Implement a simple binary search algorithm in Python.,Programming,poor
Use a PHP library to connect to a MySQL database.,Programming,poor
Create a simple chatbot using JavaScript and the Watson API to respond to basic user queries.,Programming,poor
Write a C++ program to find the average value of all elements in an array.,Programming,poor
Implement a simple stack data structure in C++.,Programming,poor
Use a Python library to send emails using SMTP and include attachments.,Programming,poor
Write a Bash script to automate the deployment of a Node.js application to a remote server using SSH.,Programming,poor
Create a simple GUI application using JavaScript and the DOM library to display a list of items and allow users to add or remove items.,Programming,poor
Implement a simple queue data structure in Python.,Programming,poor
Use a PHP framework to create a simple web application with a home page and a login page.,Programming,poor
Write a Java program to find the sum of all elements in an array.,Programming,poor
Create a simple to-do list using Python and the Tkinter library.,Programming,poor
Write a C++ program to find the maximum value in an array of integers.,Programming,poor
Implement a simple binary search algorithm in Java.,Programming,poor
Use a Python library to connect to a SQLite database and perform CRUD operations.,Programming,poor
Write a Python function to implement a singly linked list node with methods for inserting at the beginning and end of the list. The function should be able to handle lists of varying lengths and data types.,Programming,excellent
"Create a Java class for a simple bank account with methods to deposit, withdraw, and check the balance. Ensure the account can handle multiple transactions and provide a clear error message for insufficient funds.",Programming,excellent
Design a C++ function to find the first duplicate in an array of integers. The function should iterate through the array once and provide the index of the duplicate element.,Programming,excellent
Develop a JavaScript script to scrape the titles of all articles on a given webpage using the Cheerio library.,Programming,excellent
Write a Ruby function to calculate the sum of all even numbers in an array while excluding any array elements that are greater than 10.,Programming,excellent
"Implement a Python class for a basic calculator that supports addition, subtraction, multiplication, and division operations.",Programming,good
Create a Java method to count the number of vowels in a given string.,Programming,good
Design a Python function to reverse a given string without using the built-in reverse function.,Programming,good
Develop a JavaScript function to find the maximum sum of a subarray within a given array of integers.,Programming,good
Write a PHP script to display 'Hello World' on the browser.,Programming,good
Create a Python method to sort a list of integers in ascending order using the bubble sort algorithm.,Programming,good
Design a C++ function to swap two numbers without using a temporary variable.,Programming,good
"Implement a Java class for a stack with methods for push, pop, and peek operations.",Programming,good
Develop a JavaScript function to find the first pair of duplicate elements in an array.,Programming,good
Write a Ruby method to check if a given number is prime or not.,Programming,good
Create a Python function to calculate the area and perimeter of a circle.,Programming,good
Implement a Java method to find the maximum and minimum elements in an array.,Programming,good
Design a C++ function to merge two sorted arrays into a single sorted array.,Programming,good
Write a Python script to convert a string to uppercase.,Programming,good
Develop a JavaScript function to find the sum of all elements in a given array.,Programming,good
Create a PHP script to display 'Hello World' on the browser.,Programming,good
Implement a Java class for a queue with methods for enqueue and dequeue operations.,Programming,good
Design a Python function to check if a given string is a palindrome or not.,Programming,good
Write a Ruby method to find the factorial of a given number.,Programming,good
Create a Java method to count the number of words in a given string.,Programming,good
Develop a JavaScript function to find the maximum and minimum elements in an array.,Programming,good
"Implement a Java class for a binary search tree with methods for insert, delete, and search operations.",Programming,good
Design a Python function to find the first non-repeating character in a given string.,Programming,good
Write a Ruby method to check if a given number is odd or even.,Programming,good
Create a Python function to calculate the Fibonacci series up to the nth term.,Programming,good
Implement a Java method to find the maximum and minimum elements in a 2D array.,Programming,good
Design a C++ function to find the first and last occurrences of a given element in an array.,Programming,good
Write a JavaScript script to check if a given number is a perfect square or not.,Programming,good
Create a PHP function to calculate the sum of all even numbers in an array.,Programming,good
Develop a Python script to check if a given string is a valid email or not.,Programming,good
"Implement a Java class for a graph with methods for add edge, remove edge, and display adjacency list operations.",Programming,good
Design a Java function to find the first duplicate in an array of integers.,Programming,good
Write a Ruby method to count the number of vowels in a given string.,Programming,good
Create a Python function to reverse a given string.,Programming,good
Implement a JavaScript function to find the maximum sum of a subarray within a given array of integers.,Programming,good
"Design a Java class for a simple bank account with methods to deposit, withdraw, and check the balance.",Programming,good
Write a C++ function to find the first non-repeating character in a given string.,Programming,good
Develop a Python script to display 'Hello World' on the browser.,Programming,good
Implement a Java method to find the maximum and minimum elements in an array.,Programming,good
Design a Python function to check if a given string is a palindrome or not.,Programming,good
Write a JavaScript function to find the sum of all elements in a given array.,Programming,good
Create a Ruby method to calculate the area and perimeter of a circle.,Programming,good
Implement a Java class for a queue with methods for enqueue and dequeue operations.,Programming,good
Design a C++ function to find the first and last occurrences of a given element in an array.,Programming,good
Write a PHP function to check if a given number is a prime or not.,Programming,good
Create a Python script to calculate the sum of all odd numbers in an array.,Programming,good
Develop a JavaScript function to find the maximum sum of a subarray within a given array of integers.,Programming,good
Implement a Java method to find the first non-repeating character in a given string.,Programming,good
Design a Ruby function to count the number of words in a given string.,Programming,good
Write a Python function to find the maximum and minimum elements in a 2D array.,Programming,good
Create a Java script to display 'Hello World' on the browser.,Programming,poor
"Design a C++ class to implement a basic calculator that supports addition, subtraction, multiplication, and division operations.",Programming,poor
Implement a Python function to find the first duplicate in an array of integers.,Programming,poor
Write a JavaScript function to count the number of vowels in a given string.,Programming,poor
"Create a Java class for a binary search tree with methods for insert, delete, and search operations.",Programming,poor
Design a Ruby method to calculate the Fibonacci series up to the nth term.,Programming,poor
Write a PHP function to find the maximum and minimum elements in an array.,Programming,poor
Create a Python script to find the first non-repeating character in a given string.,Programming,poor
Develop a JavaScript function to check if a given number is a perfect square or not.,Programming,poor
Implement a Java method to find the sum of all even numbers in an array.,Programming,poor
Design a C++ function to find the first pair of duplicate elements in an array.,Programming,poor
Write a Python function to swap two numbers without using a temporary variable.,Programming,poor
Create a Java script to check if a given string is a palindrome or not.,Programming,poor
Develop a Ruby function to count the number of words in a given string.,Programming,poor
Implement a JavaScript function to find the first non-repeating element in a given string.,Programming,poor
Design a PHP function to calculate the sum of all odd numbers in an array.,Programming,poor
Write a Python method to check if a given number is a prime or not.,Programming,poor
"Create a Java class for a simple bank account with methods to deposit, withdraw, and check the balance.",Programming,poor
Develop a JavaScript function to find the first and last occurrences of a given element in an array.,Programming,poor
Write a Python script to automate deploying a Django application to a Heroku server using Git,Programming,excellent
Can you implement a recursive binary search algorithm in JavaScript,Programming,good
Create a Python function to find the maximum value from a list of lists,Programming,good
"Design a SQL database schema for an e-commerce website with tables for customers, products, orders and order items",Programming,excellent
Develop a Python program to scrape data from a website and save it to a CSV file,Programming,good
Write a TypeScript function to find the minimum value in a sorted array,Programming,good
Implement a Python class to represent a bank account with methods to deposit and withdraw money,Programming,excellent
Create a Java program to find the factorial of a number,Programming,good
Develop a C++ program to perform matrix multiplication,Programming,excellent
Design a RESTful API using Flask to handle user registration and login,Programming,excellent
Can you write a Python function to flatten a nested list,Programming,good
Implement a Python program to find the longest common subsequence between two strings,Programming,good
Create a Python function to find the sum of all elements in a list,Programming,good
"Design a database schema for a social media platform with tables for users, posts, comments and likes",Programming,excellent
Develop a Java program to perform bubble sort on an array of integers,Programming,good
Write a Go program to find the maximum value in a slice of integers,Programming,excellent
Implement a Python program to find the first duplicate value in a list,Programming,good
Create a C++ program to perform binary search on an array of integers,Programming,good
Design a microservice architecture using Python and Flask for a web application,Programming,excellent
Can you write a Python function to find the second maximum value in a list,Programming,good
Develop a Ruby program to perform insertion sort on an array of integers,Programming,good
Implement a Python program to find the minimum value in a sorted list,Programming,good
Create a Java program to find the middle value of an array of integers,Programming,good
"Design a database schema for a travel agency with tables for customers, bookings, flights and hotels",Programming,excellent
Develop a Python program to perform quicksort on a list of integers,Programming,excellent
Write a TypeScript program to find the average value of an array of integers,Programming,good
Implement a Python function to find the length of the longest word in a string,Programming,good
Create a C++ program to perform heap sort on an array of integers,Programming,excellent
Design a RESTful API using Node.js and Express to handle user data storage and retrieval,Programming,excellent
Can you write a Python function to find the product of all elements in a list,Programming,good
Develop a Python program to perform merge sort on a list of integers,Programming,excellent
Implement a Python program to find the second minimum value in a list,Programming,good
Create a Java program to find the sum of all elements in a 2D array,Programming,good
Design a microservice architecture using Node.js and Express for a real-time analytics application,Programming,excellent
Develop a Python program to perform selection sort on an array of integers,Programming,good
Write a Go program to find the maximum value in a slice of strings,Programming,good
Implement a Python function to find the minimum value in a list of complex numbers,Programming,good
Create a C++ program to perform shell sort on an array of integers,Programming,excellent
Can you write a Python function to find the middle value of a list,Programming,good
Develop a Python program to perform Radix sort on a list of integers,Programming,excellent
Implement a Python function to find the length of the longest substring without repeating characters,Programming,good
"Design a database schema for a music streaming platform with tables for users, songs, playlists and ratings",Programming,excellent
Create a JavaScript program to perform heap sort on an array of integers,Programming,good
Can you write a Python function to find the product of all elements in a 2D list,Programming,good
Develop a Python program to perform counting sort on a list of integers,Programming,good
Implement a Python function to find the minimum value in a list of floating point numbers,Programming,good
Create a Java program to find the sum of all elements in a 2D array using recursion,Programming,good
Design a RESTful API using Django and Django Rest Framework to handle user authentication and authorization,Programming,excellent
Write a Python function that generates a random binary tree with 100 nodes and prints the pre-order traversal.,Programming,excellent
"Create a C++ class for a bank account with methods to deposit, withdraw, and check balance. Use a text file to save account data.",Programming,excellent
Design a REST API using Flask to handle CRUD operations for a collection of users. Include authentication and authorization.,Programming,excellent
"Write a Java program that simulates a traffic light system with three colors: red, yellow, and green. Use threads to implement the simulation.",Programming,good
Develop a simple chatbot using Node.js and the Discord.js library. Allow users to send messages and perform basic commands.,Programming,good
Create a Rust program that implements a simple calculator. Allow users to input mathematical expressions and evaluate them.,Programming,good
Write a PHP script to connect to a MySQL database and retrieve all user data.,Programming,poor
Design a JavaScript application that can handle user authentication.,Programming,poor
Develop a Python program to perform sentiment analysis on a given text. Use a pre-trained model.,Programming,excellent
"Create a C++ class for a stack with push, pop, and peek operations.",Programming,excellent
Write a Python script to scrape a website and extract all product information.,Programming,good
Implement a simple queue in Java using a linked list.,Programming,good
Develop a Python program to optimize a given list of integers using the greedy algorithm.,Programming,excellent
"Design a C++ class for a hash table with insert, delete, and search operations.",Programming,excellent
Write a Java program to simulate a bank account system with multiple users.,Programming,good
Create a Ruby program that connects to a SQLite database and performs CRUD operations.,Programming,good
Implement a binary search algorithm in Python.,Programming,excellent
Design a REST API using Django to handle user registration and login.,Programming,excellent
Write a PHP program to connect to a MySQL database and perform a query.,Programming,poor
Develop a JavaScript application that can handle user authentication using OAuth.,Programming,good
Create a Python program to perform image processing using OpenCV.,Programming,excellent
Implement a stack using a linked list in C++.,Programming,good
"Write a Java program to simulate a traffic light system with three colors: red, yellow, and green.",Programming,good
"Design a C++ class for a priority queue with insert, delete, and peek operations.",Programming,excellent
Develop a Python program to optimize a given list of integers using dynamic programming.,Programming,excellent
Create a C library to implement a simple calculator.,Programming,good
Write a Python script to scrape a website and extract all product information using BeautifulSoup.,Programming,good
Implement a queue in Java using a linked list.,Programming,good
Design a Python program to simulate a bank account system with multiple users.,Programming,excellent
"Write a C++ program to implement a simple queue with enqueue, dequeue, and is_empty operations.",Programming,good
Develop a JavaScript application that can handle user authentication using JWT.,Programming,good
Create a Python program to perform sentiment analysis on a given text using a pre-trained model.,Programming,excellent
Implement a binary search tree in Python.,Programming,excellent
"Design a C++ class for a binary search tree with insert, delete, and search operations.",Programming,excellent
Write a PHP program to connect to a MySQL database and perform CRUD operations.,Programming,poor
Develop a Python program to optimize a given list of integers using the greedy algorithm.,Programming,excellent
Create a C++ program to implement a simple calculator.,Programming,good
Implement a stack using a linked list in Python.,Programming,good
"Write a Java program to simulate a traffic light system with three colors: red, yellow, and green.",Programming,good
Design a JavaScript application that can handle user authentication.,Programming,poor
Develop a Python program to perform image processing using OpenCV.,Programming,excellent
Create a C++ class for a simple calculator.,Programming,good
Implement a binary search algorithm in C++.,Programming,excellent
Write a Python script to scrape a website and extract all product information.,Programming,good
Create a Python function to calculate the average rating of products in an e-commerce platform given a list of product IDs and corresponding ratings. The function should handle missing ratings and return a dictionary with product IDs as keys and average ratings as values.,Programming,excellent
"Build a Node.js API to authenticate users using JSON Web Tokens (JWT). The API should handle user registration, login, and authentication verification. Implement password hashing and salting using bcrypt.",Programming,excellent
"Design a data structure to store and retrieve employee information in a company's HR system. The data structure should include employee ID, name, department, and role. Implement methods to add, update, and delete employee records.",Programming,excellent
"Write a Java program to read a text file and extract sentences containing a specific keyword. The program should ignore case and punctuation, and return the extracted sentences in a list.",Programming,good
Create a C++ function to calculate the factorial of a given integer. The function should handle negative numbers and return an error message.,Programming,good
"Implement a Python script to scrape product information from an e-commerce website using BeautifulSoup and requests. The script should extract product names, prices, and descriptions.",Programming,good
Design a JavaScript function to convert Celsius to Fahrenheit given a temperature in Celsius.,Programming,poor
Create a Python script to print the sum of numbers in a list.,Programming,poor
Build a C++ program to simulate a coin toss and display the result.,Programming,good
Create a JavaScript function to sort an array of numbers in ascending order.,Programming,poor
"Implement a Java class to represent a person with properties for name, age, and address. The class should include methods to get and set these properties.",Programming,excellent
"Write a Python function to generate a random password of a specified length. The function should include uppercase and lowercase letters, numbers, and special characters.",Programming,good
Design a C++ program to solve a system of linear equations using Gaussian elimination.,Programming,excellent
Create a PHP script to connect to a MySQL database and execute a query to retrieve all rows from a table.,Programming,good
Implement a JavaScript function to validate a password based on certain conditions.,Programming,poor
Build a Java program to simulate a banking system with methods to deposit and withdraw money.,Programming,good
Create a Python script to read a CSV file and display the header row and first 10 rows of data.,Programming,poor
Design a Python function to convert a decimal number to binary using bitwise operations.,Programming,excellent
Write a C++ function to calculate the greatest common divisor (GCD) of two integers using the Euclidean algorithm.,Programming,good
"Implement a JavaScript class to represent a bank account with properties for account number, balance, and owner. The class should include methods to deposit and withdraw money.",Programming,excellent
Build a Python script to scrape weather information from a website and display the current temperature and forecast.,Programming,good
Create a PHP function to sort an array of integers in ascending order.,Programming,poor
"Design a Java class to represent a point in 3D space with properties for x, y, and z coordinates. The class should include methods to get and set these properties.",Programming,excellent
Write a Python function to generate a Fibonacci sequence up to a specified length.,Programming,good
Implement a C++ function to calculate the area and perimeter of a rectangle given its width and height.,Programming,excellent
Build a Java program to simulate a traffic light with methods to start and stop the light.,Programming,good
Create a Python script to read a JSON file and display the contents.,Programming,poor
Design a JavaScript function to validate a credit card number using the Luhn algorithm.,Programming,excellent
Write a C++ function to calculate the factorial of a given integer using recursion.,Programming,good
"Implement a Python class to represent a calendar with properties for year, month, and day. The class should include methods to get and set these properties.",Programming,excellent
Build a Java program to simulate a vending machine with methods to dispense and restock items.,Programming,good
Create a JavaScript function to sort an array of strings in ascending order.,Programming,poor
Design a Python function to generate a random permutation of a list of numbers.,Programming,excellent
Write a C++ function to calculate the sum of an array of numbers.,Programming,good
Implement a PHP function to create a copy of a given array.,Programming,poor
"Build a Java class to represent a book with properties for title, author, and publisher. The class should include methods to get and set these properties.",Programming,excellent
Create a Python script to read a text file and display the contents.,Programming,poor
Design a JavaScript function to validate a phone number using a regular expression.,Programming,excellent
Write a C++ function to calculate the area of a circle given its radius.,Programming,good
"Implement a Python class to represent a bank account with properties for account number, balance, and owner. The class should include methods to deposit and withdraw money.",Programming,excellent
Build a Java program to simulate a clock with methods to display the current time and set the time.,Programming,good
Create a JavaScript function to convert a string to uppercase using the toUpperCase() method.,Programming,poor
Design a Python function to sort a list of numbers in ascending order using the quicksort algorithm.,Programming,excellent
Write a C++ function to calculate the area of a rectangle given its width and height.,Programming,good
Implement a PHP function to validate a username and password combination.,Programming,poor
Build a Java class to represent a point in 2D space with properties for x and y coordinates. The class should include methods to get and set these properties.,Programming,excellent
Create a Python script to read a CSV file and display the header row and first 10 rows of data.,Programming,poor
Design a JavaScript function to convert a binary number to decimal using bitwise operations.,Programming,excellent
Write a C++ function to calculate the square root of a given number using the Babylonian method.,Programming,good
Implement a Python class to represent a stack with methods to push and pop elements.,Programming,excellent
Build a Java program to simulate a bank system with methods to deposit and withdraw money.,Programming,good
Create a JavaScript function to sort an array of objects in ascending order based on a specific property.,Programming,poor
Design a Python function to generate a random permutation of a list of numbers using the Fisher-Yates shuffle algorithm.,Programming,excellent
"Create a Python function to calculate the average word length of a given text file, considering only words with 3 or more characters. Handle exceptions for invalid file paths and ensure the result is rounded to two decimal places.",Programming,excellent
"Write a JavaScript class to represent a bank account. The class should have properties for account number, balance, and account holder's name. Include methods to deposit and withdraw funds, and calculate the interest rate based on the balance.",Programming,excellent
"Design a C++ API for a simple calculator that performs basic arithmetic operations like addition, subtraction, multiplication, and division. Include error handling for division by zero and ensure the API is thread-safe.",Programming,excellent
"Write a Python script to scrape product information from an e-commerce website using BeautifulSoup and requests libraries. The script should extract product titles, prices, and descriptions.",Programming,good
"Create a Java program to implement a stack data structure using arrays. Include methods for push, pop, and peek operations.",Programming,good
Develop a Ruby on Rails application to manage customer data. Include CRUD operations for customers and ensure data validation.,Programming,good
"Build a PHP web application to display a list of employees with their names, positions, and salaries. Include a search function to filter employees by name or position.",Programming,good
"Create a Python script to monitor system resources using the psutil library. Monitor CPU usage, memory usage, and disk usage.",Programming,good
"Design an Android app to display a countdown timer with a user-inputted time period. Include a start and stop button, and display the remaining time in hours, minutes, and seconds.",Programming,poor
Write a JavaScript code to check if a number is prime.,Programming,poor
Create a Python script to convert images from one format to another using Pillow library.,Programming,good
"Develop a Java program to implement a queue data structure using linked lists. Include methods for enqueue, dequeue, and peek operations.",Programming,good
Build a Node.js API to manage a list of books. Include CRUD operations for books and ensure data validation.,Programming,good
"Write a C++ code to simulate a simple banking system with multiple accounts. Include methods for deposit, withdrawal, and balance inquiry.",Programming,excellent
Create a Python script to simulate a coin toss using the random library.,Programming,poor
"Design a Python GUI application using tkinter to display a to-do list with add, remove, and mark as done functionality.",Programming,good
"Implement a Python class to represent a student with attributes for name, age, and grades. Include methods to calculate the average grade and print the student's report card.",Programming,excellent
Write a Java code to check if a string is a palindrome.,Programming,poor
Create a Ruby on Rails application to manage a list of orders. Include CRUD operations for orders and ensure data validation.,Programming,good
Design a JavaScript API for a simple chatbot that responds to user input with predefined messages.,Programming,good
Develop a PHP web application to display a list of products with their prices and descriptions. Include a search function to filter products by name or price.,Programming,good
Write a C++ code to simulate a simple game of rock-paper-scissors.,Programming,poor
Create a Python script to monitor network traffic using the scapy library.,Programming,good
"Implement a Java class to represent a rectangle with attributes for width, height, and color. Include methods to calculate the area and perimeter.",Programming,excellent
Design a Python GUI application using PyQt to display a simple calculator with buttons for numbers and operators.,Programming,good
Write a JavaScript code to check if a number is odd or even.,Programming,poor
Create a Ruby on Rails application to manage a list of users. Include CRUD operations for users and ensure data validation.,Programming,good
Develop a Node.js API to manage a list of articles. Include CRUD operations for articles and ensure data validation.,Programming,good
Write a C++ code to simulate a simple weather forecasting system with temperature and humidity.,Programming,poor
"Design a Python GUI application using wxPython to display a simple clock with hours, minutes, and seconds.",Programming,good
Implement a Java class to represent a circle with attributes for radius and color. Include methods to calculate the area and circumference.,Programming,excellent
Create a Python script to simulate a simple game of tic-tac-toe.,Programming,poor
Write a JavaScript code to check if a string is a valid email address.,Programming,poor
"Design a Python GUI application using tkinter to display a simple password manager with add, remove, and edit functionality.",Programming,good
"Develop a PHP web application to display a list of customers with their names, addresses, and contact information. Include a search function to filter customers by name or address.",Programming,good
Implement a Java class to represent a complex number with attributes for real and imaginary parts.,Programming,good
Create a Python script to monitor system logs using the logging library.,Programming,good
Write a JavaScript code to simulate a simple game of hangman.,Programming,poor
Design a Ruby on Rails application to manage a list of products. Include CRUD operations for products and ensure data validation.,Programming,good
Develop a Node.js API to manage a list of users. Include CRUD operations for users and ensure data validation.,Programming,good
Write a C++ code to simulate a simple game of chess.,Programming,poor
"Implement a Python class to represent a student with attributes for name, age, and grades. Include methods to calculate the average grade and print the student's report card.",Programming,excellent
"Create a GUI application using tkinter to display a simple to-do list with add, remove, and mark as done functionality.",Programming,good
Write a JavaScript code to check if a number is prime.,Programming,poor
"Design a Python GUI application using wxPython to display a simple clock with hours, minutes, and seconds.",Programming,good
Develop a PHP web application to display a list of products with their prices and descriptions. Include a search function to filter products by name or price.,Programming,good
"Write a C++ code to simulate a simple banking system with multiple accounts. Include methods for deposit, withdrawal, and balance inquiry.",Programming,excellent
Create a Ruby on Rails application to manage a list of orders. Include CRUD operations for orders and ensure data validation.,Programming,good
"Develop a model to predict student's likelihood to drop out of college based on their high school GPA, ACT scores, and family income. Provide a Python implementation and use a supervised learning approach. Use a dataset from a reputable source and evaluate the model's performance using a confusion matrix and ROC-AUC curve. Consider using class weights to handle imbalanced data. Report the results in a table format.",Machine Learning,excellent
Build a chatbot that can answer frequently asked questions about a new product. The chatbot should be able to understand user queries and respond accordingly. Use a combination of natural language processing and machine learning to achieve this. Implement the chatbot using Python and deploy it on a cloud platform like AWS or Google Cloud. Optimize the chatbot's performance to handle a large volume of queries concurrently.,Machine Learning,excellent
Create a model to classify images into different animal species. The model should be able to handle images of varying sizes and formats. Use a dataset from a reputable source and evaluate the model's performance using accuracy and precision metrics. Consider using data augmentation to improve the model's performance. Report the results in a table format.,Machine Learning,excellent
Develop a recommender system for a e-commerce website. The system should be able to recommend products to users based on their past purchases and browsing history. Use a dataset from a reputable source and evaluate the system's performance using metrics such as precision and recall. Consider using collaborative filtering to improve the system's performance.,Machine Learning,good
Build a model to predict the stock prices of a company. The model should be able to handle historical data and make predictions for future time steps. Use a dataset from a reputable source and evaluate the model's performance using metrics such as mean absolute error and mean squared error. Consider using a combination of supervised and unsupervised learning approaches to improve the model's performance.,Machine Learning,good
"Develop a model to classify text into positive, negative, or neutral categories. The model should be able to handle text of varying lengths and formats. Use a dataset from a reputable source and evaluate the model's performance using accuracy and precision metrics.",Machine Learning,good
Create a model to predict the weather in a given location. The model should be able to handle historical data and make predictions for future time steps. Use a dataset from a reputable source and evaluate the model's performance using metrics such as mean absolute error and mean squared error.,Machine Learning,good
Develop a recommender system for a social media platform. The system should be able to recommend content to users based on their past interactions and preferences.,Machine Learning,poor
Build a model to predict the likelihood of a loan being repaid. The model should be able to handle historical data and make predictions for future time steps. Use a combination of supervised and unsupervised learning approaches to improve the model's performance.,Machine Learning,good
Create a model to classify images into different object categories. The model should be able to handle images of varying sizes and formats. Use a dataset from a reputable source and evaluate the model's performance using accuracy and precision metrics.,Machine Learning,excellent
Develop a chatbot that can answer frequently asked questions about a company's products and services. The chatbot should be able to understand user queries and respond accordingly. Use a combination of natural language processing and machine learning to achieve this. Implement the chatbot using Python and deploy it on a cloud platform like AWS or Google Cloud.,Machine Learning,excellent
Build a model to predict the stock prices of a company based on historical data and economic indicators. The model should be able to handle large datasets and make predictions for future time steps. Use a combination of supervised and unsupervised learning approaches to improve the model's performance.,Machine Learning,good
Create a model to classify text into different categories based on its sentiment. The model should be able to handle text of varying lengths and formats. Use a dataset from a reputable source and evaluate the model's performance using accuracy and precision metrics.,Machine Learning,excellent
Develop a recommender system for a e-commerce website that suggests products to users based on their past purchases and browsing history. The system should be able to handle large datasets and make recommendations in real-time. Use a combination of collaborative filtering and content-based filtering to improve the system's performance.,Machine Learning,good
Build a model to predict the likelihood of a user engaging with a marketing campaign. The model should be able to handle historical data and make predictions for future time steps. Use a combination of supervised and unsupervised learning approaches to improve the model's performance.,Machine Learning,good
Create a model to classify images into different animal species based on their characteristics. The model should be able to handle images of varying sizes and formats. Use a dataset from a reputable source and evaluate the model's performance using accuracy and precision metrics.,Machine Learning,excellent
Develop a chatbot that can answer frequently asked questions about a company's products and services. The chatbot should be able to understand user queries and respond accordingly. Use a combination of natural language processing and machine learning to achieve this. Implement the chatbot using Python and deploy it on a cloud platform like AWS or Google Cloud.,Machine Learning,excellent
Build a model to predict the stock prices of a company based on historical data and economic indicators. The model should be able to handle large datasets and make predictions for future time steps. Use a combination of supervised and unsupervised learning approaches to improve the model's performance.,Machine Learning,good
Create a model to classify text into different categories based on its sentiment. The model should be able to handle text of varying lengths and formats. Use a dataset from a reputable source and evaluate the model's performance using accuracy and precision metrics.,Machine Learning,excellent
Develop a recommender system for a e-commerce website that suggests products to users based on their past purchases and browsing history. The system should be able to handle large datasets and make recommendations in real-time. Use a combination of collaborative filtering and content-based filtering to improve the system's performance.,Machine Learning,good
Build a model to predict the likelihood of a user engaging with a marketing campaign. The model should be able to handle historical data and make predictions for future time steps. Use a combination of supervised and unsupervised learning approaches to improve the model's performance.,Machine Learning,good
Create a model to classify images into different animal species based on their characteristics. The model should be able to handle images of varying sizes and formats. Use a dataset from a reputable source and evaluate the model's performance using accuracy and precision metrics.,Machine Learning,excellent
Develop a model to predict the stock prices of a company based on historical data and economic indicators. The model should be able to handle large datasets and make predictions for future time steps. Use a combination of supervised and unsupervised learning approaches to improve the model's performance.,Machine Learning,good
Create a model to classify text into different categories based on its sentiment. The model should be able to handle text of varying lengths and formats. Use a dataset from a reputable source and evaluate the model's performance using accuracy and precision metrics.,Machine Learning,excellent
Build a model to predict the likelihood of a user engaging with a marketing campaign. The model should be able to handle historical data and make predictions for future time steps. Use a combination of supervised and unsupervised learning approaches to improve the model's performance.,Machine Learning,good
Develop a recommender system for a e-commerce website that suggests products to users based on their past purchases and browsing history. The system should be able to handle large datasets and make recommendations in real-time.,Machine Learning,poor
Create a model to classify images into different object categories based on their characteristics. The model should be able to handle images of varying sizes and formats.,Machine Learning,poor
Build a model to predict the weather in a given location based on historical data and climate indicators. The model should be able to handle large datasets and make predictions for future time steps.,Machine Learning,good
Develop a model to predict the likelihood of a user engaging with a marketing campaign based on their past interactions and preferences. The model should be able to handle historical data and make predictions for future time steps.,Machine Learning,good
Create a model to classify text into different categories based on its sentiment and tone. The model should be able to handle text of varying lengths and formats. Use a dataset from a reputable source and evaluate the model's performance using accuracy and precision metrics.,Machine Learning,excellent
Develop a recommender system for a social media platform that suggests content to users based on their past interactions and preferences. The system should be able to handle large datasets and make recommendations in real-time.,Machine Learning,poor
Build a model to predict the stock prices of a company based on historical data and economic indicators. The model should be able to handle large datasets and make predictions for future time steps.,Machine Learning,good
Create a model to classify images into different animal species based on their characteristics. The model should be able to handle images of varying sizes and formats. Use a dataset from a reputable source and evaluate the model's performance using accuracy and precision metrics.,Machine Learning,excellent
Develop a model to predict the likelihood of a user engaging with a marketing campaign based on their past interactions and preferences. The model should be able to handle historical data and make predictions for future time steps.,Machine Learning,good
Build a model to classify text into different categories based on its sentiment and tone. The model should be able to handle text of varying lengths and formats. Use a dataset from a reputable source and evaluate the model's performance using accuracy and precision metrics.,Machine Learning,excellent
Create a model to classify images into different object categories based on their characteristics. The model should be able to handle images of varying sizes and formats.,Machine Learning,poor
Develop a recommender system for a e-commerce website that suggests products to users based on their past purchases and browsing history. The system should be able to handle large datasets and make recommendations in real-time.,Machine Learning,poor
Build a model to predict the stock prices of a company based on historical data and economic indicators. The model should be able to handle large datasets and make predictions for future time steps.,Machine Learning,good
Create a model to classify text into different categories based on its sentiment and tone. The model should be able to handle text of varying lengths and formats. Use a dataset from a reputable source and evaluate the model's performance using accuracy and precision metrics.,Machine Learning,excellent
Develop a model to predict the likelihood of a user engaging with a marketing campaign based on their past interactions and preferences. The model should be able to handle historical data and make predictions for future time steps.,Machine Learning,good
Build a model to classify images into different animal species based on their characteristics. The model should be able to handle images of varying sizes and formats. Use a dataset from a reputable source and evaluate the model's performance using accuracy and precision metrics.,Machine Learning,excellent
Create a model to classify text into different categories based on its sentiment and tone.,Machine Learning,poor
Develop a model to predict the weather in a given location based on historical data and climate indicators. The model should be able to handle large datasets and make predictions for future time steps.,Machine Learning,good
Build a model to predict the likelihood of a user engaging with a marketing campaign based on their past interactions and preferences. The model should be able to handle historical data and make predictions for future time steps.,Machine Learning,good
Create a model to classify images into different object categories based on their characteristics. The model should be able to handle images of varying sizes and formats.,Machine Learning,poor
Develop a recommender system for a social media platform that suggests content to users based on their past interactions and preferences.,Machine Learning,poor
Build a model to classify text into different categories based on its sentiment and tone. The model should be able to handle text of varying lengths and formats. Use a dataset from a reputable source and evaluate the model's performance using accuracy and precision metrics.,Machine Learning,excellent
Create a model to classify images into different animal species based on their characteristics. The model should be able to handle images of varying sizes and formats. Use a dataset from a reputable source and evaluate the model's performance using accuracy and precision metrics.,Machine Learning,excellent
Develop a model to predict the stock prices of a company based on historical data and economic indicators. The model should be able to handle large datasets and make predictions for future time steps.,Machine Learning,good
Build a model to predict the weather in a given location based on historical data and climate indicators. The model should be able to handle large datasets and make predictions for future time steps.,Machine Learning,good
Create a model to classify text into different categories based on its sentiment and tone. The model should be able to handle text of varying lengths and formats. Use a dataset from a reputable source and evaluate the model's performance using accuracy and precision metrics.,Machine Learning,excellent
Develop a model to predict the likelihood of a user engaging with a marketing campaign based on their past interactions and preferences. The model should be able to handle historical data and make predictions for future time steps.,Machine Learning,good
Build a model to classify images into different animal species based on their characteristics. The model should be able to handle images of varying sizes and formats.,Machine Learning,poor
Create a model to classify text into different categories based on its sentiment and tone.,Machine Learning,poor
Develop a model to predict the stock prices of a company based on historical data and economic indicators. The model should be able to handle large datasets and make predictions for future time steps. Use a combination of supervised and unsupervised learning approaches to improve the model's performance.,Machine Learning,good
Build a model to predict the weather in a given location based on historical data and climate indicators.,Machine Learning,poor
Create a model to classify images into different animal species based on their characteristics. The model should be able to handle images of varying sizes and formats.,Machine Learning,poor
Develop a model to predict the likelihood of a user engaging with a marketing campaign based on their past interactions and preferences. The model should be able to handle historical data and make predictions for future time steps.,Machine Learning,good
Build a model to classify text into different categories based on its sentiment and tone.,Machine Learning,poor
Create a model to classify images into different object categories based on their characteristics.,Machine Learning,poor
Develop a model to predict the weather in a given location based on historical data and climate indicators.,Machine Learning,poor
Build a model to predict the likelihood of a user engaging with a marketing campaign based on their past interactions and preferences.,Machine Learning,poor
Create a model to classify text into different categories based on its sentiment.,Machine Learning,poor
Develop a model to predict the stock prices of a company. The model should be able to handle historical data and make predictions for future time steps.,Machine Learning,poor
"Develop a sentiment analysis model for Twitter posts and evaluate its performance on a dataset of 10,000 tweets from various domains, with a precision of at least 0.85 and a recall of at least 0.80 within the next 48 hours.",Machine Learning,excellent
"Train a regression model to predict house prices based on features such as number of bedrooms, square footage, and location in a city with a population of over 1 million.",Machine Learning,good
Build a model that can classify images into cats and dogs.,Machine Learning,poor
Analyze customer purchase behavior and recommend products to customers based on their browsing history and purchase records using a collaborative filtering approach.,Machine Learning,excellent
Develop a predictive model to forecast daily website traffic based on seasonal patterns and historical data.,Machine Learning,good
Create a chatbot that can answer questions about the weather.,Machine Learning,poor
"Design a clustering algorithm to segment customers based on demographic and behavioral data, with a minimum silhouette score of 0.6.",Machine Learning,excellent
Build a neural network to classify text as spam or not spam.,Machine Learning,good
Create a model that can recognize hand-written digits.,Machine Learning,poor
Train a model to predict stock prices based on historical data and technical indicators.,Machine Learning,excellent
Develop a recommender system for movies based on user ratings and genre.,Machine Learning,good
Create a model that can identify the sentiment of a sentence.,Machine Learning,poor
Analyze the relationship between customer satisfaction and product quality using a regression analysis.,Machine Learning,excellent
"Build a model to classify news articles as positive, negative, or neutral.",Machine Learning,good
Create a predictive model to forecast energy consumption based on weather patterns and historical data.,Machine Learning,poor
Design a recommendation engine for products based on user behavior and contextual information.,Machine Learning,excellent
Develop a model to classify emails as spam or not spam.,Machine Learning,good
Create a model that can recognize objects in images.,Machine Learning,poor
Train a model to predict the likelihood of a customer churn based on demographic and behavioral data.,Machine Learning,excellent
"Build a neural network to classify text as positive, negative, or neutral.",Machine Learning,good
Create a predictive model to forecast the spread of a disease based on historical data and weather patterns.,Machine Learning,poor
Design a clustering algorithm to segment customers based on demographic and behavioral data.,Machine Learning,excellent
Develop a recommender system for hotels based on user reviews and location.,Machine Learning,good
Create a model that can classify text as sarcasm or not.,Machine Learning,poor
Analyze the relationship between customer satisfaction and service quality using a regression analysis.,Machine Learning,excellent
Build a model to classify images as cats or dogs.,Machine Learning,good
Create a predictive model to forecast the stock prices of a company based on historical data and technical indicators.,Machine Learning,poor
Design a recommendation engine for products based on user behavior and contextual information.,Machine Learning,excellent
Develop a model to classify emails as spam or not spam.,Machine Learning,good
Create a predictive model to forecast energy consumption based on weather patterns and historical data.,Machine Learning,poor
Analyze the relationship between customer satisfaction and product quality using a regression analysis.,Machine Learning,excellent
"Build a neural network to classify text as positive, negative, or neutral.",Machine Learning,good
Create a model that can recognize objects in images.,Machine Learning,poor
"Develop a model to classify text as sentiment (positive, negative, neutral) and tone (polite, impolite) based on linguistic features.",Machine Learning,excellent
Design a recommender system for restaurants based on user reviews and location.,Machine Learning,good
Create a predictive model to forecast the spread of a disease based on historical data and weather patterns.,Machine Learning,poor
Analyze the relationship between customer satisfaction and service quality using a regression analysis.,Machine Learning,excellent
Build a model to classify images as cats or dogs.,Machine Learning,good
Create a model that can classify text as sarcastic or not.,Machine Learning,poor
Develop a recommender system for music based on user preferences and genre.,Machine Learning,excellent
"Design a clustering algorithm to segment customers based on demographic and behavioral data, with a minimum silhouette score of 0.6.",Machine Learning,excellent
Build a neural network to classify text as spam or not spam.,Machine Learning,good
Create a predictive model to forecast daily website traffic based on seasonal patterns and historical data.,Machine Learning,poor
Analyze the relationship between customer satisfaction and product quality using a regression analysis.,Machine Learning,excellent
"Develop a model to classify text as positive, negative, or neutral based on linguistic features and contextual information.",Machine Learning,excellent
Train a model to predict stock prices based on historical data and technical indicators.,Machine Learning,good
Create a model that can recognize hand-written digits.,Machine Learning,poor
Design a recommender system for products based on user behavior and contextual information.,Machine Learning,excellent
Develop a predictive model to forecast energy consumption based on weather patterns and historical data.,Machine Learning,good
Create a model that can classify text as sarcastic or not.,Machine Learning,poor
"Predict customer churn for telecom users based on usage patterns over the past 3 months, with a focus on retaining high-value customers. Output a probability score and top 5 features contributing to churn.",Machine Learning,excellent
"Train a model to classify product reviews as positive or negative using a dataset of 10,000 reviews. Evaluate model performance using accuracy and F1-score.",Machine Learning,excellent
Develop a recommendation system for a e-commerce platform based on user purchase history and product features. Provide a list of top 10 product recommendations for a user.,Machine Learning,excellent
Analyze the sentiment of tweets about a specific company over the past year. Identify key drivers of positive and negative sentiment.,Machine Learning,excellent
"What are the key features that differentiate the performance of a model trained with a dataset of 100,000 images from one trained with a dataset of 50,000 images?",Machine Learning,poor
"Develop a model to predict house prices based on location, number of bedrooms, and square footage. Provide a regression model with R-squared value.",Machine Learning,good
"I have a dataset of 10,000 customer transactions. Can you build a model to predict which customers are likely to spend more than $1000 in the next quarter?",Machine Learning,good
Classify patients as having diabetes or not based on a set of medical features. Output a probability score and confusion matrix.,Machine Learning,good
Can you develop a model to predict stock prices based on historical data?,Machine Learning,poor
I have a dataset of customer interactions. Can you build a model to identify the most effective marketing channels?,Machine Learning,good
"Develop a model to classify text as spam or not spam. Use a dataset of 100,000 messages.",Machine Learning,good
"Analyze the performance of a model trained with a dataset of 100,000 images. What are the key features that contribute to its accuracy?",Machine Learning,excellent
"I have a dataset of 10,000 customer transactions. Can you build a model to predict which customers are likely to churn?",Machine Learning,good
Develop a model to predict customer satisfaction based on survey responses. Output an overall satisfaction score and top 5 factors contributing to satisfaction.,Machine Learning,excellent
"Train a model to classify text as positive or negative using a dataset of 10,000 reviews. Evaluate model performance using precision and recall.",Machine Learning,excellent
Can you develop a model to predict the likelihood of a customer making a purchase based on their browsing history?,Machine Learning,poor
Develop a recommendation system for a streaming service based on user watch history and ratings. Provide a list of top 10 show recommendations for a user.,Machine Learning,good
Analyze the sentiment of customer feedback about a specific product over the past year. Identify key drivers of positive and negative sentiment.,Machine Learning,good
"What are the key differences between a model trained with a dataset of 100,000 images and one trained with a dataset of 50,000 images?",Machine Learning,poor
Develop a model to predict the likelihood of a user responding to a survey based on their past engagement with the survey.,Machine Learning,good
"Can you build a model to classify text as spam or not spam using a dataset of 100,000 messages?",Machine Learning,good
"Train a model to classify product reviews as positive or negative using a dataset of 10,000 reviews. Output a classification report.",Machine Learning,excellent
"I have a dataset of 10,000 customer transactions. Can you develop a model to predict which customers are likely to spend more than $500 in the next quarter?",Machine Learning,good
Develop a model to predict customer churn for telecom users based on usage patterns over the past 3 months. Output a probability score and top 5 features contributing to churn.,Machine Learning,excellent
Can you develop a model to predict the likelihood of a customer making a purchase based on their purchase history?,Machine Learning,poor
Develop a recommendation system for a e-commerce platform based on user purchase history and product features. Provide a list of top 5 product recommendations for a user.,Machine Learning,excellent
"Train a model to classify text as positive or negative using a dataset of 10,000 reviews. Output a confusion matrix and classification report.",Machine Learning,excellent
"I have a dataset of 10,000 customer transactions. Can you build a model to predict which customers are likely to churn?",Machine Learning,good
"Analyze the performance of a model trained with a dataset of 100,000 images. What are the key factors that contribute to its accuracy?",Machine Learning,good
Develop a model to predict customer satisfaction based on survey responses. Output an overall satisfaction score and top 10 factors contributing to satisfaction.,Machine Learning,excellent
"Can you develop a model to classify text as spam or not spam using a dataset of 100,000 messages?",Machine Learning,good
I have a dataset of customer interactions. Can you build a model to identify the most effective marketing channels?,Machine Learning,good
Develop a recommendation system for a streaming service based on user watch history and ratings. Provide a list of top 10 show recommendations for a user.,Machine Learning,good
"Train a model to classify product reviews as positive or negative using a dataset of 10,000 reviews. Output a precision and recall score.",Machine Learning,excellent
Develop a model to predict the likelihood of a customer making a purchase based on their browsing history and purchase history.,Machine Learning,poor
Analyze the sentiment of customer feedback about a specific product over the past year. Identify key drivers of positive sentiment.,Machine Learning,good
Can you develop a model to predict the likelihood of a user responding to a survey based on their past engagement with the survey?,Machine Learning,good
Develop a model to predict customer churn for telecom users based on usage patterns over the past 3 months. Output a probability score and top 10 features contributing to churn.,Machine Learning,excellent
"I have a dataset of 10,000 customer transactions. Can you develop a model to predict which customers are likely to spend more than $500 in the next quarter?",Machine Learning,good
Develop a recommendation system for a e-commerce platform based on user purchase history and product features. Provide a list of top 10 product recommendations for a user.,Machine Learning,good
Can you develop a model to predict the likelihood of a customer making a purchase based on their purchase history?,Machine Learning,poor
"Train a model to classify text as positive or negative using a dataset of 10,000 reviews. Output a classification report and confusion matrix.",Machine Learning,excellent
Develop a model to predict customer satisfaction based on survey responses. Output an overall satisfaction score and top 5 factors contributing to satisfaction.,Machine Learning,excellent
"I have a dataset of 10,000 customer transactions. Can you build a model to predict which customers are likely to churn?",Machine Learning,good
Develop a model to predict the likelihood of a user responding to a survey based on their past engagement with the survey and demographic information.,Machine Learning,poor
"Develop a model to predict house prices in San Francisco, using historical data from Zillow, and considering factors like number of bedrooms and square footage. Please use a regression algorithm and provide a detailed report on the model's performance and potential biases.",Machine Learning,excellent
Train a chatbot to answer medical questions using a dataset from the Mayo Clinic.,Machine Learning,good
Build a facial recognition system using a neural network.,Machine Learning,poor
Improve the accuracy of a binary classification model by 20% using a different activation function and tuning the hyperparameters.,Machine Learning,excellent
Classify text as spam or not spam.,Machine Learning,good
Create a model to predict stock prices based on historical data.,Machine Learning,poor
Analyze the sentiment of customer reviews on Yelp and determine the top 5 positive and negative words used.,Machine Learning,excellent
Train a model to recognize hand-written digits.,Machine Learning,good
Develop a recommender system for e-commerce based on user behavior and product features.,Machine Learning,poor
Detect anomalies in a dataset of credit card transactions using a one-class SVM.,Machine Learning,excellent
Create a model to predict the likelihood of a customer churn.,Machine Learning,good
Build a model to classify images into different categories.,Machine Learning,poor
Optimize the parameters of a neural network using gradient descent to improve its performance on a image classification task.,Machine Learning,excellent
Develop a model to predict the remaining useful life of a machine using a dataset from the PdM (Predictive Maintenance) domain.,Machine Learning,good
"Create a model to classify text as positive, negative or neutral based on its content.",Machine Learning,poor
Train a model to recognize objects in images using transfer learning.,Machine Learning,excellent
Analyze the usage patterns of a mobile app and determine the demographic characteristics of its users.,Machine Learning,good
Develop a model to predict the outcome of a medical treatment based on patient data.,Machine Learning,poor
Create a model to classify emails as spam or not spam based on their content.,Machine Learning,excellent
Build a recommender system for music based on user listening history.,Machine Learning,good
Develop a model to predict the stock prices of a company.,Machine Learning,poor
Train a model to recognize handwritten characters using a convolutional neural network.,Machine Learning,excellent
Analyze the sentiment of social media posts and determine the top 5 hashtags used.,Machine Learning,good
Create a model to classify text as formal or informal based on its content.,Machine Learning,poor
Develop a model to predict the likelihood of a customer making a purchase based on their browsing history.,Machine Learning,excellent
Classify text as sarcasm or not sarcasm.,Machine Learning,good
Build a model to recognize objects in images using a YOLO (You Only Look Once) algorithm.,Machine Learning,poor
Train a model to predict the performance of a car based on its features and usage patterns.,Machine Learning,excellent
Analyze the customer churn rate of a telecom company based on its customer usage patterns.,Machine Learning,good
"Create a model to classify text as positive, negative or neutral based on its content and sentiment.",Machine Learning,poor
Develop a model to predict the outcome of a medical diagnosis based on patient symptoms and medical history.,Machine Learning,excellent
Classify text as hate speech or not hate speech.,Machine Learning,good
Build a model to recognize objects in images using a ResNet50 architecture.,Machine Learning,poor
Train a model to predict the stock prices of a company based on historical data and market trends.,Machine Learning,excellent
Analyze the usage patterns of a web application and determine the top 5 most frequently used features.,Machine Learning,good
"Create a model to classify text as positive, negative or neutral based on its content and sentiment and determine the top 5 most frequently used words.",Machine Learning,poor
Develop a model to predict the likelihood of a customer making a purchase based on their browsing history and purchase behavior.,Machine Learning,excellent
Train a model to recognize objects in images using a transfer learning approach.,Machine Learning,good
Analyze the customer satisfaction rate of a company based on its customer reviews and feedback.,Machine Learning,poor
"Create a model to classify text as positive, negative or neutral based on its content and sentiment and determine the top 5 most frequently used hashtags.",Machine Learning,excellent
Build a model to recognize objects in images using a Faster R-CNN algorithm.,Machine Learning,good
Train a model to predict the performance of a car based on its features and usage patterns and determine the top 5 most frequently used features.,Machine Learning,poor
Analyze the customer churn rate of a telecom company based on its customer usage patterns and determine the top 5 most frequently used features.,Machine Learning,excellent
Develop a model to predict the outcome of a medical diagnosis based on patient symptoms and medical history and determine the top 5 most frequently used symptoms.,Machine Learning,good
Develop a recommender system for an e-commerce platform based on customer purchase history and product categories. The system should be able to handle missing values and recommend at least 5 products per user. Provide a detailed report and code for the same. ,Machine Learning,excellent
Build a neural network for classifying handwritten digits. Use MNIST dataset and achieve at least 95% accuracy. ,Machine Learning,excellent
Implement a chatbot using natural language processing that can understand basic customer queries and respond accordingly. ,Machine Learning,good
Create a model to predict stock prices based on historical data. Use only technical indicators. ,Machine Learning,poor
Train a model to classify breast cancer images using a publicly available dataset. Compare its performance with a traditional machine learning approach. ,Machine Learning,excellent
Build a facial recognition system using deep learning. ,Machine Learning,good
Develop a system to classify customer reviews as positive or negative. ,Machine Learning,poor
Create a model to predict energy consumption based on temperature and humidity. Use regression analysis and cross-validation. Provide a detailed report and code for the same. ,Machine Learning,excellent
Implement a clustering algorithm to group customers based on their purchasing behavior. Use a publicly available dataset. ,Machine Learning,good
Build a model to classify text as spam or not. ,Machine Learning,poor
Develop a system to recommend products to customers based on their search history and purchase behavior. The system should be able to handle missing values and recommend at least 10 products per user. ,Machine Learning,excellent
"Create a model to predict student grades based on their attendance, assignments, and exam scores. Use linear regression and cross-validation. Provide a detailed report and code for the same. ",Machine Learning,excellent
Implement a decision tree algorithm to classify customers based on their demographic and behavioral data. ,Machine Learning,good
Build a model to classify images into different categories using deep learning. ,Machine Learning,poor
Develop a system to classify text as formal or informal. ,Machine Learning,poor
Create a model to predict the probability of a customer churning based on their usage history. Use survival analysis and cross-validation. Provide a detailed report and code for the same. ,Machine Learning,excellent
Implement a support vector machine algorithm to classify customers based on their demographic and behavioral data. ,Machine Learning,good
Build a model to classify text as sarcastic or not. ,Machine Learning,poor
Develop a recommender system for a media platform based on user ratings and preferences. The system should be able to handle missing values and recommend at least 5 items per user. ,Machine Learning,excellent
Create a model to predict the probability of a student dropping out based on their academic performance and demographic data. Use logistic regression and cross-validation. Provide a detailed report and code for the same. ,Machine Learning,excellent
Implement a clustering algorithm to group customers based on their demographic and behavioral data. Use a publicly available dataset. ,Machine Learning,good
"Build a model to classify text as positive, negative, or neutral. ",Machine Learning,poor
Develop a system to classify customers as low-risk or high-risk based on their credit history and usage pattern. ,Machine Learning,good
Create a model to predict the probability of a customer responding to an email based on their past behavior. Use logistic regression and cross-validation. Provide a detailed report and code for the same. ,Machine Learning,excellent
Implement a decision tree algorithm to classify customers based on their demographic and behavioral data. ,Machine Learning,good
Build a model to classify images into different categories using transfer learning. ,Machine Learning,good
Develop a system to classify text as authentic or fake. ,Machine Learning,poor
Create a model to predict the probability of a customer making a purchase based on their search history and purchase behavior. Use logistic regression and cross-validation. Provide a detailed report and code for the same. ,Machine Learning,excellent
Implement a support vector machine algorithm to classify customers based on their demographic and behavioral data. ,Machine Learning,good
Build a model to classify text as funny or not. ,Machine Learning,poor
Develop a recommender system for a music platform based on user ratings and preferences. The system should be able to handle missing values and recommend at least 10 items per user. ,Machine Learning,excellent
Create a model to predict the probability of a student achieving a certain grade based on their academic performance and demographic data. Use logistic regression and cross-validation. Provide a detailed report and code for the same. ,Machine Learning,excellent
Implement a clustering algorithm to group customers based on their demographic and behavioral data. Use a publicly available dataset. ,Machine Learning,good
Build a model to classify text as enthusiastic or not. ,Machine Learning,poor
Develop a system to classify customers based on their creditworthiness. ,Machine Learning,poor
Create a model to predict the probability of a customer responding to a promotion based on their past behavior. Use logistic regression and cross-validation. Provide a detailed report and code for the same. ,Machine Learning,excellent
Implement a decision tree algorithm to classify customers based on their demographic and behavioral data. ,Machine Learning,good
Build a model to classify images into different categories using convolutional neural networks. ,Machine Learning,good
Develop a system to classify text as informative or not. ,Machine Learning,poor
Create a model to predict the probability of a student being accepted into a certain university based on their academic performance and demographic data. Use logistic regression and cross-validation. Provide a detailed report and code for the same. ,Machine Learning,excellent
Implement a support vector machine algorithm to classify customers based on their demographic and behavioral data. ,Machine Learning,good
Build a model to classify text as emotional or not. ,Machine Learning,poor
Develop a recommender system for a news platform based on user ratings and preferences. The system should be able to handle missing values and recommend at least 5 items per user. ,Machine Learning,excellent
Create a model to predict the probability of a customer making a purchase based on their search history and purchase behavior. Use logistic regression and cross-validation. Provide a detailed report and code for the same. ,Machine Learning,excellent
Implement a clustering algorithm to group customers based on their demographic and behavioral data. Use a publicly available dataset. ,Machine Learning,good
Build a model to classify text as persuasive or not. ,Machine Learning,poor
Develop a system to classify customers as high-income or low-income based on their demographic data. ,Machine Learning,poor
Create a model to predict the probability of a student achieving a certain grade based on their academic performance and demographic data. Use logistic regression and cross-validation. Provide a detailed report and code for the same. ,Machine Learning,excellent
Develop a classification model using logistic regression to predict customer churn based on demographic data and purchase history.,Machine Learning,excellent
Can you create a clustering model to group similar customers based on their shopping behavior?,Machine Learning,good
Machine learning stuff,Machine Learning,poor
Implement a recommendation system using collaborative filtering to suggest products to users based on their past purchases.,Machine Learning,excellent
"I need a model to predict stock prices, can you train one using historical data?",Machine Learning,good
Can you do some machine learning magic and give me the code?,Machine Learning,poor
"Build a regression model to predict house prices based on features like square footage, number of bedrooms, and location.",Machine Learning,excellent
Create a neural network to classify images of cats and dogs.,Machine Learning,good
Just give me the answer,Machine Learning,poor
Develop a time series forecasting model to predict energy consumption based on historical data and weather patterns.,Machine Learning,excellent
Can you create a model to classify text as spam or not spam?,Machine Learning,good
Machine learning question,Machine Learning,poor
Implement a decision tree to predict customer segment based on demographic data and purchase history.,Machine Learning,excellent
Create a model to predict employee turnover based on performance data and work environment.,Machine Learning,good
Can you do that thing with the data?,Machine Learning,poor
Build a clustering model to group similar customers based on their shopping behavior and purchase history.,Machine Learning,excellent
I need a model to predict sales based on historical data and marketing campaigns.,Machine Learning,good
Just need a model,Machine Learning,poor
Develop a classification model using support vector machines to predict customer churn based on demographic data and purchase history.,Machine Learning,excellent
Create a model to classify images of cars as sedan or SUV.,Machine Learning,good
Machine learning code,Machine Learning,poor
Implement a random forest to predict stock prices based on historical data.,Machine Learning,excellent
Can you create a model to classify text as positive or negative?,Machine Learning,good
Just need the model,Machine Learning,poor
Build a regression model to predict salary based on education level and years of experience.,Machine Learning,excellent
Create a model to classify customers as high value or low value based on their purchase history.,Machine Learning,good
Machine learning question mark,Machine Learning,poor
Develop a survival analysis model to predict customer retention based on demographic data and purchase history.,Machine Learning,excellent
I need a model to predict energy consumption based on historical data and weather patterns.,Machine Learning,good
Can you create a model to classify images of animals?,Machine Learning,poor
Implement a model to predict customer satisfaction based on demographic data and purchase history.,Machine Learning,excellent
Create a model to classify text as spam or not spam using logistic regression.,Machine Learning,good
Machine learning help,Machine Learning,poor
Build a clustering model to group similar customers based on their shopping behavior and demographic data.,Machine Learning,excellent
Can you create a model to predict stock prices based on historical data?,Machine Learning,good
Just give me the result,Machine Learning,poor
Develop a classification model using k-nearest neighbors to predict customer churn based on demographic data and purchase history.,Machine Learning,excellent
Create a model to classify customers as high value or low value based on their purchase history and demographic data.,Machine Learning,good
Machine learning thing,Machine Learning,poor
Implement a decision tree to predict customer segment based on demographic data and purchase history.,Machine Learning,excellent
Can you create a model to classify text as positive or negative?,Machine Learning,good
Just need the data,Machine Learning,poor
"Build a regression model to predict house prices based on features like square footage, number of bedrooms, and location.",Machine Learning,excellent
Create a model to classify images of cars as sedan or SUV.,Machine Learning,good
Machine learning task,Machine Learning,poor
Automate the process of deploying a new version of the front-end application to production servers every Friday at 10 PM with Kubernetes and Ansible.,DevOps,excellent
I need a Python script to monitor and alert if CPU usage exceeds 70% on our company's servers in the next 24 hours.,DevOps,excellent
"Write a shell script to automate the backup of MySQL databases on our staging environment every Sunday at 8 AM, using a 1-week retention period and store it in /var/backup.",DevOps,excellent
Create a CI/CD pipeline for our Spring Boot application hosted on AWS CodePipeline and Jenkins.,DevOps,good
What's the command to install OpenJDK 11 on Ubuntu 20.04?,DevOps,good
Develop a Docker container for our application written in Node.js using the latest Node.js version.,DevOps,good
Write a Terraform configuration to create a AWS S3 bucket named my-app-bucket.,DevOps,good
Create a script to send a weekly report about system resource usage to our team's email list.,DevOps,good
Can you create an Ansible playbook to deploy our Java application to multiple servers in the development environment?,DevOps,good
I need a Python script to monitor our company's server logs and send alerts to the team for suspicious activity.,DevOps,excellent
What's the command to update the kernel on our CentOS servers?,DevOps,good
Write a script to automate the installation of the latest version of Apache Kafka and ZOOKEEPER on our staging environment.,DevOps,excellent
Can you suggest a logging solution for our Node.js application using ELK stack?,DevOps,good
Create a Jenkinsfile to automate the deployment of our Spring Boot application to AWS Elastic Beanstalk.,DevOps,good
Develop a Python script to monitor system memory and send alerts if it falls below 1 GB.,DevOps,excellent
Can you create a Terraform configuration to create an AWS CloudFront distribution for our S3 bucket?,DevOps,good
Write a shell script to automate the creation of AWS IAM roles and policies for our company's DevOps team.,DevOps,excellent
What's the command to enable HTTP2 on our Apache server?,DevOps,good
Can you suggest a containerization tool for our company's applications?,DevOps,good
Develop a Python script to monitor our company's system logs and send alerts for unusual activity.,DevOps,excellent
Write a Jenkinsfile to automate the deployment of our Java application to our company's staging environment.,DevOps,good
Can you create a Dockerfile for our Node.js application using the latest version of Node.js?,DevOps,good
Create a Terraform configuration to create an AWS Lambda function for our company's backend application.,DevOps,excellent
Write a Python script to automate the backup of our MySQL databases on our company's staging environment.,DevOps,excellent
Can you suggest a load balancing solution for our company's applications?,DevOps,good
Create a Jenkinsfile to automate the deployment of our Spring Boot application to our company's production environment.,DevOps,good
Develop a Python script to monitor our company's system resource usage and send alerts if resources fall below a certain threshold.,DevOps,excellent
Can you create a Docker container for our company's backend application written in Python?,DevOps,good
What's the command to install the latest version of Apache on our Ubuntu servers?,DevOps,good
Write a shell script to automate the installation of the latest version of MongoDB on our company's staging environment.,DevOps,excellent
Can you suggest a CI/CD tool for our company's applications?,DevOps,good
Develop a Python script to monitor our company's server logs and send alerts for security-related activity.,DevOps,excellent
Create a Terraform configuration to create an AWS RDS instance for our company's database.,DevOps,good
Write a Jenkinsfile to automate the deployment of our Java application to our company's development environment.,DevOps,good
Can you create an Ansible playbook to deploy our Node.js application to multiple servers in our company's testing environment?,DevOps,excellent
Write a Python script to automate the backup of our system logs on our company's production environment.,DevOps,excellent
Can you suggest a monitoring tool for our company's system resources?,DevOps,good
Create a Jenkinsfile to automate the deployment of our Spring Boot application to our company's staging environment.,DevOps,good
Develop a Python script to monitor our company's system resource usage and send alerts for unusual activity.,DevOps,excellent
Can you create a Terraform configuration to create an AWS EC2 instance for our company's web server?,DevOps,good
Write a shell script to automate the installation of the latest version of PostgreSQL on our company's development environment.,DevOps,excellent
Write a Python script to automate the deployment of our company's Java application to our company's production environment.,DevOps,poor
Can you create a Docker container for our Node.js application using the latest Node.js version?,DevOps,good
Develop a Terraform configuration to create an AWS S3 bucket for our company's frontend assets.,DevOps,excellent
What's the command to enable HTTPS on our Apache server?,DevOps,good
Write a Jenkinsfile to automate the deployment of our company's backend application to our company's staging environment.,DevOps,good
Can you create an Ansible playbook to deploy our company's Java application to multiple servers in our company's production environment?,DevOps,excellent
Can you suggest a logging solution for our company's system resources?,DevOps,good
Write a Python script to automate the backup of our MySQL databases on our company's testing environment.,DevOps,excellent
What's the command to update the kernel on our CentOS servers?,DevOps,good
Create a Terraform configuration to create an AWS CloudFront distribution for our company's S3 bucket.,DevOps,good
Write a shell script to automate the installation of the latest version of MariaDB on our company's staging environment.,DevOps,excellent
Can you create a Jenkinsfile to automate the deployment of our company's Spring Boot application to our company's production environment?,DevOps,good
Can you suggest a containerization tool for our company's applications?,DevOps,good
Write a Python script to automate the deployment of our company's Java application to our company's testing environment.,DevOps,poor
Develop a Python script to monitor our company's system logs and send alerts for security-related activity.,DevOps,excellent
Can you create a Terraform configuration to create an AWS Lambda function for our company's frontend application?,DevOps,good
What's the command to enable HTTP2 on our Nginx server?,DevOps,good
Write a shell script to automate the installation of the latest version of Redis on our company's development environment.,DevOps,excellent
Write a Python script to automate the backup of our system logs on our company's staging environment.,DevOps,excellent
"Create a Python script to automate Jenkins build and deployment to AWS using AWS CLI, Jenkins API and AWS Cognito. The script should take AWS credentials as input and handle errors with retries. The code should be formatted according to PEP8 and run with Python 3.8+, quality: excellent",DevOps,good
Write a shell script to backup MySQL database to S3. Use mysql2s3 tool and ensure data is encrypted. The script should be run as cron job daily. quality: excellent,DevOps,good
"Develop Nodejs application that interacts with Azure Service Bus using azure-functions. Implement auto-retrying mechanism, error logging and metrics monitoring. quality: excellent",DevOps,good
Write a Python script to integrate Slack with Prometheus and Grafana for alerting and visualization. Use Slack API and ensure bot is properly configured. quality: excellent,DevOps,good
Design a Kubernetes deployment and service for a web application written in Go. The service should run on port 80 and use load balancing. quality: excellent,DevOps,good
Implement a Bash script to automate Terraform deployment for a network of AWS EC2 instances. Use AWS CLI and handle instance states. quality: excellent,DevOps,good
Develop a Java Spring Boot application that integrates with RabbitMQ for distributed task queueing. Implement dead-letter queue and error handling. quality: excellent,DevOps,good
Create a Dockerfile for a Python application that uses Flask and runs on Ubuntu 18.04. The image should be 100MB in size and have a multi-stage build. quality: excellent,DevOps,good
Write a shell script to automate AWS CodePipeline deployment for a frontend React application. Use AWS CLI and handle pipeline states. quality: excellent,DevOps,good
Implement a Python script to automate Prometheus and Grafana for monitoring and alerting. Use Prometheus API and ensure proper configuration. quality: excellent,DevOps,good
Develop a .NET Core application that integrates with Azure Event Grid for event-driven architecture. Implement event handling and error logging. quality: excellent,DevOps,good
Create a Kubernetes resource for a PostgreSQL database that runs on a persistent volume with an SSD disk. The resource should use a service account for authentication. quality: excellent,DevOps,good
Write a Bash script to automate Jenkins build and deployment for a Ruby on Rails application. Use Jenkins API and handle build states. quality: excellent,DevOps,good
Write a Java Spring Boot application that integrates with Apache Kafka for real-time data processing. Implement producer and consumer mechanisms. quality: excellent,DevOps,good
Develop a Nodejs application that interacts with Google Cloud Storage using Cloud Storage client library. Implement data encryption and access control. quality: excellent,DevOps,good
Implement a Python script to automate Azure DevOps pipeline for a .NET Core application. Use Azure DevOps API and handle pipeline states. quality: excellent,DevOps,good
Write a shell script to automate AWS CodeBuild deployment for a frontend Angular application. Use AWS CLI and handle build states. quality: excellent,DevOps,good
Develop a Java Spring Boot application that integrates with Apache Cassandra for distributed NoSQL database. Implement data retrieval and error handling. quality: excellent,DevOps,good
Create a Kubernetes configuration for a web server that uses Nginx and runs on a persistent volume with an SSD disk. The configuration should use a service account for authentication. quality: excellent,DevOps,good
Write a Python script to integrate Grafana with AWS CloudWatch for monitoring and alerting. Use Grafana API and ensure proper configuration. quality: excellent,DevOps,good
Implement a Bash script to automate AWS Elastic Beanstalk deployment for a Java Spring Boot application. Use AWS CLI and handle deployment states. quality: excellent,DevOps,good
Develop a Nodejs application that interacts with Azure Blob Storage using Azure Blob Storage client library. Implement data encryption and access control. quality: excellent,DevOps,good
Write a Java Spring Boot application that integrates with Apache ZooKeeper for distributed locking mechanism. Implement node registration and node heartbeats. quality: good,DevOps,good
Create a Python script to automate Jenkins build and deployment for a Python application. Use Jenkins API and handle build states. quality: good,DevOps,good
Develop a DotNet application that integrates with Microsoft SQL Server for real-time data processing. Implement data retrieval and error handling. quality: good,DevOps,good
Write a Bash script to automate AWS RDS deployment for a PostgreSQL database. Use AWS CLI and handle deployment states. quality: good,DevOps,good
Write a Java Spring Boot application that integrates with Apache Flink for real-time data processing. Implement producer and consumer mechanisms. quality: good,DevOps,good
Write a Python script to automate Prometheus and Grafana for monitoring and alerting. Use Prometheus API and ensure proper configuration. quality: good,DevOps,good
"Implement a Nodejs application that interacts with Azure Service Bus using Azure Service Bus client library. Implement auto-retrying mechanism, error logging and metrics monitoring. quality: good",DevOps,good
Write a Java Spring Boot application that integrates with Apache Kafka Connect for real-time data processing. Implement source and sink connectors. quality: good,DevOps,good
Create a Kubernetes resource for a web server that uses Nginx and runs on a persistent volume with an SSD disk. quality: good,DevOps,good
Write a Python script to automate Azure DevOps pipeline for a .NET Core application. Use Azure DevOps API and handle pipeline states. quality: good,DevOps,good
Write a Java Spring Boot application that integrates with Apache Cassandra for distributed NoSQL database. Implement data retrieval and error handling. quality: good,DevOps,good
Develop a Nodejs application that interacts with Google Cloud Storage using Cloud Storage client library. Implement data encryption and access control. quality: good,DevOps,good
Implement a Bash script to automate Jenkins build and deployment for a Java application. Use Jenkins API and handle build states. quality: poor,DevOps,good
Create a Python application that interacts with AWS S3. Implement data retrieval and error handling. quality: poor,DevOps,good
Write a Java Spring Boot application that integrates with MongoDB for real-time data processing. Implement data retrieval and error handling. quality: poor,DevOps,good
Write a Python script to automate Docker deployment for a web application. Use Docker API and ensure proper configuration. quality: poor,DevOps,good
Develop a .NET Core application that integrates with Azure Event Grid for event-driven architecture. Implement event handling and error logging. quality: poor,DevOps,good
Create a Kubernetes deployment for a web application written in Python. The service should run on port 80 and use load balancing. quality: poor,DevOps,good
Write a Bash script to automate AWS Lambda deployment for a Nodejs application. Use AWS CLI and handle deployment states. quality: poor,DevOps,good
Write a Java Spring Boot application that integrates with RabbitMQ for distributed task queueing. Implement dead-letter queue and error handling. quality: poor,DevOps,good
Implement a Python script to automate Jenkins build and deployment for a Ruby on Rails application. Use Jenkins API and handle build states. quality: poor,DevOps,good
Develop a Nodejs application that interacts with Google Cloud Pub/Sub using Cloud Pub/Sub client library. Implement data retrieval and error handling. quality: poor,DevOps,good
Write a Java Spring Boot application that integrates with Apache Flink for real-time data processing. Implement producer and consumer mechanisms. quality: poor,DevOps,good
Write a Python script to integrate Prometheus with AWS CloudWatch for monitoring and alerting. Use Prometheus API and ensure proper configuration. quality: poor,DevOps,good
Write a Bash script to automate AWS CodePipeline deployment for a frontend React application. Use AWS CLI and handle pipeline states. quality: poor,DevOps,good
Write a Java Spring Boot application that integrates with Apache Kafka Connect for real-time data processing. Implement source and sink connectors. quality: poor,DevOps,good
Implement a Python script to automate Azure DevOps pipeline for a .NET Core application. Use Azure DevOps API and handle pipeline states. quality: poor,DevOps,good
Develop a Nodejs application that interacts with Azure Blob Storage using Azure Blob Storage client library. Implement data encryption and access control. quality: poor,DevOps,good
Create a Kubernetes resource for a PostgreSQL database that runs on a persistent volume with an SSD disk. The resource should use a service account for authentication. quality: poor,DevOps,good
Write a Java Spring Boot application that integrates with Apache Cassandra for distributed NoSQL database. Implement data retrieval and error handling. quality: poor,DevOps,good
"Create a deployment script for a Node.js application using Docker and Kubernetes, considering the need for scaling and high availability, and output the YAML file in the format specified by the Kubernetes configuration file.",DevOps,excellent
Please set up a Jenkins pipeline for a Java project and integrate it with GitLab CI/CD.,DevOps,good
Make it happen.,DevOps,poor
Develop a Python script to automate the process of checking for software updates on a Linux server.,DevOps,excellent
Write a bash script to monitor system logs and send notifications if there are any errors.,DevOps,good
Can you make a monitoring system?,DevOps,poor
Create a Terraform configuration to provision an AWS EC2 instance with the necessary security groups and configure it to run a Python application.,DevOps,excellent
Create a Dockerfile for a .NET Core application and ensure it works with Windows and Linux.,DevOps,good
Can you create a Dockerfile?,DevOps,poor
Write a bash script to automate the process of starting and stopping services on a Linux server.,DevOps,good
Please set up a monitoring system for a Docker container.,DevOps,good
Make sure the system is secure.,DevOps,poor
Develop a Go program to automate the process of checking for disk space usage on a Linux server.,DevOps,excellent
Create a deployment script for a .NET Core application using Azure DevOps and output the YAML file in the format specified by Azure DevOps.,DevOps,excellent
Can you automate the deployment process?,DevOps,poor
Create a bash script to automate the process of running database queries on a SQL Server instance.,DevOps,good
Please automate the process of starting and stopping services on a Windows server.,DevOps,good
Make it happen quickly.,DevOps,poor
Develop a Terraform configuration to provision an AWS RDS instance with the necessary security groups and configure it to run a MySQL database.,DevOps,excellent
Create a Python script to automate the process of sending notifications to team members if there are any errors.,DevOps,good
Can you set up a CI/CD pipeline?,DevOps,poor
Create a deployment script for a Java application using Kubernetes and output the YAML file in the format specified by the Kubernetes configuration file.,DevOps,excellent
Please set up a monitoring system for a Java application.,DevOps,good
Make sure it is secure and scalable.,DevOps,poor
Develop a Go program to automate the process of checking for memory usage on a Linux server.,DevOps,excellent
Create a Terraform configuration to provision an Azure Storage account with the necessary access controls and configure it to store data from a .NET Core application.,DevOps,excellent
Can you create a CI/CD pipeline?,DevOps,poor
Write a bash script to automate the process of running shell scripts on a Linux server.,DevOps,good
Please set up a deployment script for a Python application.,DevOps,good
Make sure it is efficient.,DevOps,poor
Develop a Python script to automate the process of sending emails to team members if there are any errors.,DevOps,good
Create a deployment script for a .NET Core application using Azure DevOps and output the YAML file in the format specified by Azure DevOps.,DevOps,excellent
Can you set up a CI/CD pipeline for a Node.js application?,DevOps,poor
Write a bash script to automate the process of checking for software updates on a Linux server.,DevOps,good
Please set up a monitoring system for a Docker container.,DevOps,good
Make sure it is secure.,DevOps,poor
Develop a Terraform configuration to provision an AWS S3 bucket with the necessary access controls and configure it to store data from a Java application.,DevOps,excellent
Create a deployment script for a .NET Core application and ensure it works with Windows and Linux.,DevOps,good
Can you create a monitoring system?,DevOps,poor
Write a bash script to automate the process of starting and stopping services on a Linux server.,DevOps,good
Please automate the process of sending notifications to team members if there are any errors.,DevOps,good
Make sure it is efficient.,DevOps,poor
Develop a Go program to automate the process of checking for disk space usage on a Linux server.,DevOps,excellent
Create a deployment script for a Java application using Kubernetes and output the YAML file in the format specified by the Kubernetes configuration file.,DevOps,excellent
Can you create a deployment script?,DevOps,poor
Write a Python script to automate the process of running database queries on a SQL Server instance.,DevOps,good
Please set up a CI/CD pipeline for a Python application.,DevOps,good
Make sure it is secure and scalable.,DevOps,poor
Develop a Python script to automate the process of sending emails to team members if there are any errors.,DevOps,good
Create a Terraform configuration to provision an AWS EC2 instance with the necessary security groups and configure it to run a Python application.,DevOps,excellent
"Develop a Python script to automate the deployment of a Docker container on AWS EC2 instances using Ansible and Terraform, given a list of 5 instances, including instance id, instance type, and availability zone. Please provide the code and a step-by-step explanation of how it works. Limit the script to 10k lines and ensure it adheres to AWS security best practices.",DevOps,excellent
I need a script to update all nodes in a Kubernetes cluster to the latest version of a specific image. The image is named 'my-image' and the cluster is deployed on a GKE cluster named 'my-cluster'. Please provide the script in YAML format.,DevOps,excellent
Can you help me write a bash script to backup and restore a PostgreSQL database on a Ubuntu server? The database is named 'mydb' and the password is 'mysecretpassword'. Please make sure the script works with all Ubuntu versions.,DevOps,excellent
I am trying to automate my Jenkins pipeline by using a Terraform script to create a new AWS EC2 instance and then use the 'aws ec2' command to install Docker and Python on it. Please provide the Terraform configuration file and a bash script to automate the process.,DevOps,good
Can you write a script to deploy a Node.js application to an Azure Kubernetes Service (AKS) cluster? Please provide the code and a step-by-step explanation of how it works.,DevOps,good
I need to automate the deployment of a web application to a PaaS platform. Please provide a general outline of how to do this.,DevOps,good
Develop a script to automate the deployment of a Docker container on AWS Fargate using AWS CDK. Please provide the code and a step-by-step explanation of how it works.,DevOps,excellent
Can you help me write a bash script to backup and restore a MySQL database on a CentOS server? The database is named 'mydb' and the password is 'mysecretpassword'. Please make sure the script works with all CentOS versions.,DevOps,excellent
I am trying to automate my Docker container deployment by using a Kubernetes YAML file to create a new deployment and then use the 'kubectl' command to update the container image. Please provide the YAML file and a bash script to automate the process.,DevOps,good
Can you provide a general outline of how to automate the deployment of a Python application to a cloud platform?,DevOps,good
I need a script to automate the deployment of a Java application to a Tomcat server. Please provide the code and a step-by-step explanation of how it works.,DevOps,excellent
Can you help me write a PowerShell script to backup and restore a SQL Server database on a Windows server? The database is named 'mydb' and the password is 'mysecretpassword'. Please make sure the script works with all Windows versions.,DevOps,excellent
Develop a script to automate the deployment of a MongoDB database on a MongoDB Atlas cluster using a Terraform configuration file. Please provide the code and a step-by-step explanation of how it works.,DevOps,excellent
I need to automate the deployment of a .NET application to a cloud platform. Please provide a general outline of how to do this.,DevOps,good
Can you write a script to deploy a Ruby on Rails application to a Heroku platform? Please provide the code and a step-by-step explanation of how it works.,DevOps,excellent
I am trying to automate my AWS Lambda function by using a Terraform script to create a new AWS IAM role and then use the 'aws lambda' command to update the function code. Please provide the Terraform configuration file and a bash script to automate the process.,DevOps,good
Can you provide a general outline of how to automate the deployment of a Go application to a cloud platform?,DevOps,good
I need a script to automate the deployment of a PHP application to a LAMP server. Please provide the code and a step-by-step explanation of how it works.,DevOps,excellent
Can you help me write a Python script to automate the deployment of a Django application to a cloud platform? The application is named 'myapp' and the database is named 'mydb'. Please make sure the script works with all cloud platforms.,DevOps,good
Develop a script to automate the deployment of a Jenkins pipeline on a Jenkins server using a Pipeline script. Please provide the code and a step-by-step explanation of how it works.,DevOps,excellent
I am trying to automate my cloud deployment by using a Azure DevOps pipeline to create a new Azure App Service and then use the 'az' command to update the application settings. Please provide the Azure DevOps pipeline file and a bash script to automate the process.,DevOps,good
Can you provide a general outline of how to automate the deployment of a C# application to a cloud platform?,DevOps,good
I need a script to automate the deployment of a Node.js application to a Node.js server. Please provide the code and a step-by-step explanation of how it works.,DevOps,excellent
Can you help me write a PowerShell script to automate the deployment of a SQL Server database on a cloud platform? The database is named 'mydb' and the password is 'mysecretpassword'. Please make sure the script works with all cloud platforms.,DevOps,good
Develop a script to automate the deployment of a Python application to a cloud platform using a Terraform configuration file. Please provide the code and a step-by-step explanation of how it works.,DevOps,excellent
I am trying to automate my cloud deployment by using a AWS CloudFormation script to create a new AWS S3 bucket and then use the 'aws s3' command to update the bucket policies. Please provide the AWS CloudFormation script and a bash script to automate the process.,DevOps,good
Can you provide a general outline of how to automate the deployment of a C++ application to a cloud platform?,DevOps,good
I need a script to automate the deployment of a Ruby application to a cloud platform. Please provide the code and a step-by-step explanation of how it works.,DevOps,excellent
Can you help me write a Python script to automate the deployment of a Flask application to a cloud platform? The application is named 'myapp' and the database is named 'mydb'. Please make sure the script works with all cloud platforms.,DevOps,good
I need to automate the deployment of a Jenkins pipeline on a cloud platform. Please provide a general outline of how to do this.,DevOps,good
Can you provide a general outline of how to automate the deployment of a Scala application to a cloud platform?,DevOps,good
Develop a script to automate the deployment of a Java application to a cloud platform using a Jenkinsfile. Please provide the code and a step-by-step explanation of how it works.,DevOps,excellent
I am trying to automate my cloud deployment by using a Azure DevOps pipeline to create a new Azure Storage Account and then use the 'az' command to update the storage account settings. Please provide the Azure DevOps pipeline file and a bash script to automate the process.,DevOps,good
Can you help me write a Python script to automate the deployment of a Pyramid application to a cloud platform? The application is named 'myapp' and the database is named 'mydb'. Please make sure the script works with all cloud platforms.,DevOps,good
I need a script to automate the deployment of a C# application to a cloud platform. Please provide the code and a step-by-step explanation of how it works.,DevOps,excellent
Can you provide a general outline of how to automate the deployment of a Go application to a cloud platform?,DevOps,good
I need to automate the deployment of a Python application to a cloud platform. Please provide a general outline of how to do this.,DevOps,good
Develop a script to automate the deployment of a .NET application to a cloud platform using Azure DevOps. Please provide the code and a step-by-step explanation of how it works.,DevOps,excellent
I am trying to automate my cloud deployment by using a Terraform script to create a new AWS IAM user and then use the 'aws iam' command to update the user permissions. Please provide the Terraform configuration file and a bash script to automate the process.,DevOps,good
Can you provide a general outline of how to automate the deployment of a Perl application to a cloud platform?,DevOps,good
I need a script to automate the deployment of a PHP application to a cloud platform. Please provide the code and a step-by-step explanation of how it works.,DevOps,excellent
Can you help me write a Python script to automate the deployment of a Django application to a cloud platform? The application is named 'myapp' and the database is named 'mydb'.,DevOps,poor
Can you provide a general outline of how to automate the deployment of a Java application to a cloud platform?,DevOps,good
I need a script to automate the deployment of a Node.js application to a cloud platform. Please provide the code and a step-by-step explanation of how it works.,DevOps,excellent
I am trying to automate my cloud deployment by using a Azure DevOps pipeline to create a new Azure Resource Group and then use the 'az' command to update the resource group settings. Please provide the Azure DevOps pipeline file and a bash script to automate the process.,DevOps,good
Can you help me write a PowerShell script to automate the deployment of a SQL Server database on a cloud platform? The database is named 'mydb' and the password is 'mysecretpassword'.,DevOps,poor
Can you provide a general outline of how to automate the deployment of a Python application to a cloud platform?,DevOps,good
I need a script to automate the deployment of a Java application to a cloud platform. Please provide the code and a step-by-step explanation of how it works.,DevOps,excellent
I am trying to automate my cloud deployment by using a Terraform script to create a new AWS S3 bucket and then use the 'aws s3' command to update the bucket policies. Please provide the Terraform configuration file and a bash script to automate the process. The bucket name should be 'my-bucket'.,DevOps,poor
Can you provide a general outline of how to automate the deployment of a C# application to a cloud platform?,DevOps,good
"Create a compelling character backstory for a 30-year-old woman who grew up in a small town in the American Midwest, including her motivations and fears.",Writing,excellent
Write a sci-fi short story about a group of space explorers who stumble upon an abandoned alien city on a remote planet in the Alpha Centauri system.,Writing,excellent
"Write a romance novel chapter 3. Emily and Jack were in love, but they couldn't be together because of their parents' feud.",Writing,excellent
Develop a detailed plot for a dystopian young adult novel where the main character is a 17-year-old girl who must navigate the dangers of a post-apocalyptic world.,Writing,excellent
Write a short story about a boy who discovers he can talk to animals and decides to use this gift to help them in need.,Writing,good
Create an exciting scene in a fantasy novel where a wizard casts a spell to defeat a dragon.,Writing,good
Write a news article about a recent scientific breakthrough in the field of renewable energy.,Writing,good
Develop a marketing plan for a new product that combines AI technology and social media.,Writing,good
Write a short story about a character who discovers a hidden world in a painting.,Writing,good
Create a compelling dialogue between two characters with conflicting personalities.,Writing,good
Write a short story about a character who has the ability to time travel and must navigate the consequences of altering the past.,Writing,good
Write a poem about the beauty of nature.,Writing,poor
Create a story about a character who has a special gift.,Writing,poor
Develop a plot for a novel.,Writing,poor
Write a short story about two people who fall in love.,Writing,poor
Create a character for a story.,Writing,poor
Write a scene in a fantasy novel.,Writing,poor
Develop a marketing strategy for a new product.,Writing,poor
Write a short story about a character who has a secret.,Writing,poor
Create a story with a twist ending.,Writing,poor
Write a poem about a person.,Writing,poor
Write a short story about a boy who discovers a hidden world.,Writing,poor
Create a character's motivations for a story.,Writing,poor
Write a scene in a romance novel.,Writing,poor
Develop a plot for a young adult novel.,Writing,poor
Write a short story about a character who has a unique ability.,Writing,poor
Write a poem about a place.,Writing,poor
Write a short story about a group of friends who go on a road trip.,Writing,poor
Create a story with a surprising revelation.,Writing,poor
Write a short story about a character who must make a difficult choice.,Writing,good
Develop a marketing strategy for a new business.,Writing,poor
Write a short story about a boy who discovers a magical artifact.,Writing,good
Write a scene in a mystery novel.,Writing,good
Create a compelling character arc for a protagonist in a young adult novel.,Writing,excellent
Write a historical fiction short story about the first landing on the moon.,Writing,good
Write a short story about a character who has a secret that could ruin their reputation.,Writing,good
Develop a detailed world-building guide for a fantasy novel.,Writing,excellent
Write a sci-fi short story about a group of astronauts who discover a way to travel faster than light.,Writing,excellent
Create a story with a moral lesson.,Writing,poor
Write a short story about a character who must navigate the consequences of their actions.,Writing,good
Write a short story about two characters who fall in love despite their differences.,Writing,good
Develop a marketing plan for a new app.,Writing,poor
Write a short story about a character who has a unique skill.,Writing,good
Create a compelling villain for a fantasy novel.,Writing,excellent
"Write a historical fiction novel chapter 5. The war had ended, and the survivors must rebuild their lives.",Writing,excellent
Write a poem about a feeling.,Writing,poor
Create a story with a surprising twist.,Writing,poor
Write a short story about a character who must make a difficult choice.,Writing,good
Develop a marketing strategy for a new product.,Writing,poor
Write a short story about a boy who discovers a mysterious island.,Writing,good
Write a short story about a character who has a secret that could ruin their reputation.,Writing,good
Create a compelling character for a romance novel.,Writing,excellent
"Write a short story about a group of friends who embark on a road trip across the United States, incorporating the themes of friendship, self-discovery, and the American Dream. Format the story as a series of vignettes, each set in a different state. The story should be 10,000 words long and include at least three distinct plot twists.",Writing,excellent
"Describe a world where AI has surpassed human intelligence and has taken over all aspects of society. Write in the style of a dystopian novel, focusing on the theme of oppression and resistance. The story should be told from the perspective of a young protagonist.",Writing,excellent
"Write a scene for a romantic comedy where the two leads, a chef and a food blogger, have a heated argument over the best type of pizza crust. Incorporate witty banter and physical comedy.",Writing,excellent
Write a 500-word essay on the impact of social media on mental health. Use real-world statistics and research to support your arguments.,Writing,good
"Describe a future where space travel is available to the general public. Write in the style of a science fiction novel, focusing on the theme of exploration and discovery.",Writing,good
Write a poem about a person who is struggling to find their place in the world. Use imagery and metaphor to convey the emotions and themes.,Writing,good
Create a script for a commercial for a new smartphone with advanced camera capabilities. Include a catchy slogan and a visually appealing setting.,Writing,good
Write a short script for a horror movie scene where a group of friends discover a mysterious and abandoned asylum. Incorporate jump scares and atmospheric tension.,Writing,good
"Describe a day in the life of a person living in a futuristic city with flying cars and towering skyscrapers. Write in the style of a science fiction novel, focusing on the theme of technology and society.",Writing,good
Write a personal essay about a challenging experience you had and how it shaped your perspective on life.,Writing,good
"Create a character profile for a protagonist in a fantasy novel. Include their backstory, motivations, and personality traits.",Writing,good
"Describe a world where magic is a real and accepted part of society. Write in the style of a fantasy novel, focusing on the theme of power and responsibility.",Writing,good
Write a scene for a mystery novel where a detective is investigating a crime scene. Incorporate details about the victim and the surrounding environment.,Writing,good
Describe a person who is struggling to cope with the loss of a loved one. Use sensory details to convey their emotions and experiences.,Writing,good
Create a script for a children's story about a group of animals who learn to work together to overcome a challenge.,Writing,good
Write a short script for a comedy TV show scene where two characters get into a ridiculous argument over a silly topic.,Writing,good
"Describe a city that is entirely underwater. Write in the style of a science fiction novel, focusing on the theme of adaptation and survival.",Writing,good
Write a 300-word review of a new restaurant in town. Use descriptive language to convey the atmosphere and cuisine.,Writing,good
"Create a character profile for an antagonist in a science fiction novel. Include their backstory, motivations, and personality traits.",Writing,good
"Describe a world where time is currency and people trade years of their lives for material possessions. Write in the style of a dystopian novel, focusing on the theme of value and worth.",Writing,good
Write a poem about a person who is struggling to find their place in the world. Use imagery and metaphor to convey the emotions and themes.,Writing,good
Create a script for a documentary about a group of people who are working to protect a endangered species.,Writing,good
"Describe a city that exists in a state of perpetual daylight. Write in the style of a science fiction novel, focusing on the theme of time and perception.",Writing,good
Write a short essay on the benefits and drawbacks of a universal basic income. Use real-world examples and data to support your arguments.,Writing,good
"Create a character profile for a protagonist in a historical drama novel. Include their backstory, motivations, and personality traits.",Writing,good
"Describe a world where memories can be transferred from one person to another. Write in the style of a science fiction novel, focusing on the theme of identity and human connection.",Writing,excellent
Write a poem about the beauty of nature. Use imagery and metaphor to convey the emotions and themes.,Writing,poor
"Create a character profile for a character in a story. Include their name, age, and personality traits.",Writing,poor
Describe a day in the life of a person. Write using 250 words.,Writing,poor
Write a short script for a scene in a movie. The scene should be 5 lines long and include a conversation between two characters.,Writing,poor
Describe a place. Write using 100 words.,Writing,poor
Create a character profile for a villain in a story. Include their backstory and motivations.,Writing,poor
Write a short story about a person who is struggling to find their place in the world. Write using 500 words.,Writing,poor
"Describe a world where technology has advanced to the point where humans are no longer needed. Write in the style of a science fiction novel, focusing on the theme of obsolescence.",Writing,poor
Write a poem about a person who is struggling to cope with a difficult situation. Use imagery and metaphor to convey the emotions and themes.,Writing,poor
Create a script for a commercial for a new product. Include a catchy slogan and a visually appealing setting.,Writing,poor
"Describe a city that is entirely made of gold. Write in the style of a fantasy novel, focusing on the theme of wealth and luxury.",Writing,poor
Write a short essay on the benefits of a plant-based diet. Use real-world examples and data to support your arguments.,Writing,poor
Create a character profile for a hero in a story. Include their backstory and motivations.,Writing,poor
"Describe a world where gravity does not exist. Write in the style of a science fiction novel, focusing on the theme of adaptation and survival.",Writing,poor
Write a short story about a group of friends who go on a camping trip. Write using 1000 words.,Writing,poor
Create a script for a children's story about a group of animals who learn to work together to overcome a challenge. Include a catchy song and a visually appealing setting.,Writing,poor
"Describe a city that exists in a state of perpetual darkness. Write in the style of a horror novel, focusing on the theme of fear and survival.",Writing,poor
Write a 300-word review of a new restaurant. Use descriptive language to convey the atmosphere and cuisine.,Writing,poor
"Create a character profile for a person who is struggling to find their place in the world. Include their backstory, motivations, and personality traits.",Writing,poor
"Describe a world where people can communicate with animals. Write in the style of a fantasy novel, focusing on the theme of human-animal connection.",Writing,poor
Write a short essay on the benefits of exercise for mental health. Use real-world examples and data to support your arguments.,Writing,poor
"Write a short story about a woman who discovers a hidden underwater city while on a scuba diving trip in the Great Barrier Reef. The story should be 500 words, first-person narrative, and include a sense of wonder and curiosity.",Writing,excellent
Write a sales copy for a new electric car model. Focus on the car's eco-friendliness and sleek design.,Writing,good
Imagine a world where robots have taken over. Describe it.,Writing,poor
Create a script for a 30-second commercial for a new coffee shop. The ad should feature a busy morning scene with people rushing to grab their morning coffee. Include a catchy jingle and a call-to-action.,Writing,excellent
Write a character sketch of a protagonist in a fantasy novel. He's a 25-year-old wizard with a mysterious past.,Writing,good
Describe a futuristic city on Mars to a group of aliens.,Writing,poor
"Write a persuasive essay arguing in favor of stricter gun control laws in the United States. The essay should be 750 words, include statistical data and expert opinions, and be written in a formal tone.",Writing,excellent
Write a product description for a new smartwatch model. Focus on its fitness tracking features and sleek design.,Writing,good
Imagine a world with no gravity. Describe a typical day.,Writing,poor
Create a script for a 5-minute podcast episode on the benefits of meditation for mental health. Include a mix of personal stories and expert opinions.,Writing,excellent
Write a scene from a romance novel where the couple shares their first kiss.,Writing,good
Write a letter to the editor of a newspaper about a local issue.,Writing,poor
"Write a short story about a person who discovers a hidden talent for painting. The story should be 250 words, third-person narrative, and include a sense of surprise and joy.",Writing,excellent
Write a product comparison between two smartphone models. Focus on their camera features and battery life.,Writing,good
Imagine a world where time is currency. Describe it.,Writing,poor
Create a script for a 60-second explainer video on how renewable energy works.,Writing,excellent
Write a character sketch of a villain in a superhero movie. He's a 40-year-old tech mogul with a personal vendetta against the hero.,Writing,good
Describe a typical day in the life of a college student.,Writing,poor
"Write a persuasive essay arguing in favor of increased funding for arts programs in schools. The essay should be 1000 words, include personal anecdotes and expert opinions, and be written in a formal tone.",Writing,excellent
Write a product description for a new line of eco-friendly cleaning products. Focus on their natural ingredients and effectiveness.,Writing,good
Imagine a world with no sound. Describe a typical day.,Writing,poor
Create a script for a 10-minute panel discussion on the future of space exploration. Include a mix of experts and personal perspectives.,Writing,excellent
"Write a short story about a group of friends who embark on a road trip across the United States. The story should be 1500 words, first-person narrative, and include a sense of adventure and camaraderie.",Writing,good
Write a product review of a new wireless headphone model. Focus on its sound quality and battery life.,Writing,poor
"Write a persuasive essay arguing in favor of universal healthcare. The essay should be 500 words, include statistical data and expert opinions, and be written in a formal tone.",Writing,excellent
Write a scene from a mystery novel where the detective discovers a crucial clue.,Writing,good
Imagine a world where emotions are physical manifestations. Describe it.,Writing,poor
Create a script for a 2-minute animated explainer video on the concept of climate change.,Writing,excellent
Write a character sketch of a love interest in a romantic comedy. She's a 25-year-old free-spirited artist with a quirky sense of humor.,Writing,good
Describe a typical day in the life of a working mother.,Writing,poor
"Write a persuasive essay arguing in favor of stricter environmental regulations. The essay should be 750 words, include statistical data and expert opinions, and be written in a formal tone.",Writing,excellent
Write a product description for a new smart home device. Focus on its convenience and energy efficiency.,Writing,good
Imagine a world with no colors. Describe a typical day.,Writing,poor
Create a script for a 5-minute podcast episode on the benefits of journaling for mental health. Include a mix of personal stories and expert opinions.,Writing,excellent
"Write a short story about a person who discovers a hidden talent for playing the guitar. The story should be 300 words, first-person narrative, and include a sense of joy and accomplishment.",Writing,good
Write a product comparison between two laptop models. Focus on their performance and battery life.,Writing,poor
"Write a persuasive essay arguing in favor of increased funding for education. The essay should be 1000 words, include statistical data and expert opinions, and be written in a formal tone.",Writing,excellent
Write a scene from a science fiction novel where the protagonist encounters an alien species.,Writing,good
Imagine a world where dreams are a parallel reality. Describe it.,Writing,poor
Create a script for a 60-second explainer video on how blockchain technology works.,Writing,excellent
Write a character sketch of a supporting character in a fantasy novel. She's a 30-year-old warrior with a troubled past.,Writing,good
Describe a typical day in the life of a busy entrepreneur.,Writing,poor
"Write a persuasive essay arguing in favor of stricter gun laws in the United States. The essay should be 750 words, include statistical data and expert opinions, and be written in a formal tone.",Writing,excellent
Write a product description for a new line of outdoor gear. Focus on its durability and water resistance.,Writing,good
Imagine a world with no pain. Describe a typical day.,Writing,poor
"Write a 5-paragraph essay on the cultural impact of virtual reality on society by 2025, including a critique of its accessibility and social implications. Format the essay as a persuasive piece with a clear thesis statement. Assume an audience with a background in social sciences. Limit the text to 750 words.",Writing,excellent
"Create a short story about a character who discovers a hidden world in their city. The story should be 2-3 pages long, written in the first person, and include a sense of wonder and mystery. Use vivid descriptions to bring the world to life.",Writing,excellent
"I want to write a script for a fantasy movie. It has to have dragons, magic, and adventure. Just make it good.",Writing,poor
"Write a 3-page historical narrative about the rise of the Roman Empire. Include key figures, events, and cultural developments that shaped the empire's success. Format the text as a descriptive essay with a clear structure and logical progression of ideas. Assume an audience with a background in ancient history.",Writing,excellent
I'm looking for a creative story about a character who travels back in time. Keep it concise and engaging. Don't go into too much detail.,Writing,poor
"Develop a technical documentation for a new software application that enables users to manage their finances and track their expenses. The document should be 5-7 pages long, written in a technical tone, and include details on implementation, usage, and troubleshooting. Assume an audience with a background in computer science.",Writing,excellent
Write a poem about love. I want it to be beautiful and emotional. Just use your words to make me feel something.,Writing,poor
Create a 2-page persuasive piece arguing for stricter regulations on social media companies to protect user data. The piece should be targeted at a policy-making audience and include evidence from recent studies on the topic.,Writing,excellent
Can you write a short script for an animated commercial about a new breakfast cereal? Make it funny and eye-catching.,Writing,good
"I need a story about a person who overcomes a tragic event in their life. The story should be 4-5 pages long, written in the third person, and include themes of resilience and hope. Use vivid descriptions to bring the character to life.",Writing,good
"Develop a whitepaper on the potential applications of artificial intelligence in healthcare. The document should be 10-12 pages long, written in a technical tone, and include details on the current state of AI research, potential benefits, and challenges. Assume an audience with a background in computer science and medicine.",Writing,excellent
Write a piece of literary fiction about a character who grapples with their identity. I want it to be lyrical and reflective. Just explore the themes of identity and belonging.,Writing,poor
"Create a 5-page guide on how to optimize your website for search engine optimization (SEO). The guide should be written in a clear and concise tone, include actionable tips, and assume an audience with a basic understanding of web development.",Writing,good
"I'm looking for a historical fiction novel set in ancient Greece. The story should be 5-7 chapters long, written in the third person, and include themes of honor, duty, and loyalty. Use vivid descriptions to bring the setting to life.",Writing,good
"Write a 2-page critique of a recent scientific study on climate change. The piece should be targeted at a general audience with some background knowledge of the topic and include evidence from the study, as well as potential limitations and implications.",Writing,good
"Develop a technical specification for a new product that enables users to control their smart home devices with voice commands. The document should be 5-7 pages long, written in a technical tone, and include details on the hardware and software requirements, interface design, and testing procedures. Assume an audience with a background in computer science and engineering.",Writing,excellent
"Create a short story about a character who discovers a dark secret about their family's past. The story should be 2-3 pages long, written in the first person, and include a sense of shock and betrayal. Use vivid descriptions to bring the character to life.",Writing,excellent
"I need a story about a person who falls in love with someone from a different cultural background. The story should be 4-5 pages long, written in the third person, and include themes of romance, acceptance, and understanding. Use vivid descriptions to bring the characters to life.",Writing,good
"Write a 3-page historical narrative about the rise of the Renaissance in Europe. Include key figures, events, and cultural developments that shaped the movement's success. Format the text as a descriptive essay with a clear structure and logical progression of ideas. Assume an audience with a background in art history.",Writing,excellent
I'm looking for a script for a horror movie about a character who is trapped in a haunted house. Just make it scary and intense.,Writing,poor
"Create a 2-page guide on how to use social media effectively for marketing purposes. The guide should be written in a clear and concise tone, include actionable tips, and assume an audience with a basic understanding of marketing principles.",Writing,good
"Develop a technical report on the current state of cybersecurity threats and vulnerabilities in the financial sector. The report should be 10-12 pages long, written in a technical tone, and include details on the types of attacks, potential consequences, and recommendations for mitigation. Assume an audience with a background in computer science and finance.",Writing,excellent
Write a piece of creative nonfiction about a person who experiences a life-changing event. I want it to be reflective and thought-provoking. Just explore the themes of transformation and personal growth.,Writing,poor
"Create a 5-page guide on how to improve your public speaking skills. The guide should be written in a clear and concise tone, include actionable tips, and assume an audience with a basic understanding of public speaking principles.",Writing,good
"I'm looking for a historical fiction novel set in the American Civil War. The story should be 5-7 chapters long, written in the third person, and include themes of loyalty, duty, and sacrifice. Use vivid descriptions to bring the setting to life.",Writing,good
"Write a 2-page critique of a recent scientific study on the effects of social media on mental health. The piece should be targeted at a general audience with some background knowledge of the topic and include evidence from the study, as well as potential limitations and implications.",Writing,good
"Develop a technical specification for a new product that enables users to create and edit 3D models. The document should be 5-7 pages long, written in a technical tone, and include details on the hardware and software requirements, interface design, and testing procedures. Assume an audience with a background in computer-aided design (CAD) and engineering.",Writing,excellent
"Create a short story about a character who discovers a hidden talent for music. The story should be 2-3 pages long, written in the first person, and include a sense of joy and wonder. Use vivid descriptions to bring the character to life.",Writing,excellent
"I need a story about a person who overcomes a personal struggle through the help of a supportive community. The story should be 4-5 pages long, written in the third person, and include themes of resilience, hope, and acceptance. Use vivid descriptions to bring the characters to life.",Writing,good
"Write a 3-page historical narrative about the rise of the Industrial Revolution in Britain. Include key figures, events, and cultural developments that shaped the movement's success. Format the text as a descriptive essay with a clear structure and logical progression of ideas. Assume an audience with a background in history.",Writing,excellent
I'm looking for a script for a period drama about a character who navigates the complexities of aristocratic life in 18th-century England. Just make it engaging and witty.,Writing,poor
"Create a 2-page guide on how to use data visualization tools to effectively communicate data insights. The guide should be written in a clear and concise tone, include actionable tips, and assume an audience with a basic understanding of data analysis principles.",Writing,good
"Develop a technical report on the current state of renewable energy technologies and their potential applications in the power sector. The report should be 10-12 pages long, written in a technical tone, and include details on the types of technologies, potential benefits, and challenges. Assume an audience with a background in engineering and environmental science.",Writing,excellent
Write a piece of literary fiction about a character who grapples with their mental health. I want it to be thought-provoking and emotionally resonant. Just explore the themes of mental health and stigma.,Writing,poor
"Create a 5-page guide on how to improve your teamwork and collaboration skills. The guide should be written in a clear and concise tone, include actionable tips, and assume an audience with a basic understanding of team dynamics principles.",Writing,good
"I'm looking for a historical fiction novel set in ancient Egypt. The story should be 5-7 chapters long, written in the third person, and include themes of power, loyalty, and sacrifice. Use vivid descriptions to bring the setting to life.",Writing,good
"Write a 2-page critique of a recent scientific study on the effects of climate change on local ecosystems. The piece should be targeted at a general audience with some background knowledge of the topic and include evidence from the study, as well as potential limitations and implications.",Writing,good
"Develop a technical specification for a new product that enables users to track and manage their physical activity. The document should be 5-7 pages long, written in a technical tone, and include details on the hardware and software requirements, interface design, and testing procedures. Assume an audience with a background in computer science and exercise science.",Writing,excellent
"Create a short story about a character who discovers a hidden talent for art. The story should be 2-3 pages long, written in the first person, and include a sense of joy and wonder. Use vivid descriptions to bring the character to life.",Writing,excellent
"I need a story about a person who overcomes a personal struggle through the help of a supportive mentor. The story should be 4-5 pages long, written in the third person, and include themes of resilience, hope, and growth. Use vivid descriptions to bring the characters to life.",Writing,good
"Write a 500-word article on the history of artificial intelligence in the context of robotics, including at least 3 key milestones and 2 notable researchers.",Writing,excellent
"Create a 2-page character profile for a futuristic space explorer, including their background, skills, and motivations.",Writing,excellent
Write a persuasive essay on the benefits of implementing a universal basic income in a post-scarcity economy.,Writing,good
"Describe a futuristic city on a distant planet, including its architecture and population.",Writing,poor
Compose a 3-minute speech on the importance of renewable energy for a high school graduation ceremony.,Writing,excellent
"Develop a 10-page novel outline for a mystery thriller set in a 1920s speakeasy, including 3 plot twists and 2 main characters.",Writing,good
"Craft a social media post for a new line of eco-friendly clothing, including a call-to-action and a hashtag.",Writing,good
"Create a 1-page business plan for a startup that specializes in virtual reality entertainment, including a market analysis and financial projections.",Writing,excellent
Write a short story about a group of friends who discover a hidden world within their own reflection.,Writing,poor
"Design a 2-page brochure for a luxury travel company, including a description of their services and a list of destinations.",Writing,good
"Develop a 5-page script for a mock trial competition, including 3 key witness statements and 2 closing arguments.",Writing,excellent
"Compose a 30-second song lyrics for a pop song about heartbreak, including a memorable chorus and a catchy melody.",Writing,good
"Write a 2-page case study on the use of machine learning in healthcare, including a description of the methodology and a discussion of the results.",Writing,excellent
"Create a 1-page personal statement for a graduate school application, including a description of my research experience and goals.",Writing,good
"Develop a 10-page game design document for a multiplayer online game, including a description of the gameplay mechanics and a list of features.",Writing,good
"Write a 500-word essay on the impact of social media on mental health, including a discussion of the current research and a call to action.",Writing,good
"Design a 2-page menu for a new restaurant that specializes in sustainable cuisine, including a description of the dishes and a list of ingredients.",Writing,excellent
"Create a 1-page press release for a new product launch, including a description of the product and a statement from the CEO.",Writing,good
"Develop a 5-page whitepaper on the potential applications of blockchain technology in supply chain management, including a discussion of the benefits and challenges.",Writing,excellent
Write a short story about a group of friends who stumble upon a hidden underground library.,Writing,poor
"Compose a 30-second jingle for a commercial about a new energy drink, including a catchy melody and a memorable slogan.",Writing,good
"Create a 2-page marketing plan for a new product launch, including a description of the target audience and a list of marketing channels.",Writing,excellent
"Develop a 10-page research paper on the impact of climate change on global food security, including a discussion of the current research and a list of policy recommendations.",Writing,good
"Write a 500-word article on the benefits of meditation for mental health, including a discussion of the current research and a description of a mindfulness exercise.",Writing,good
"Design a 2-page website for a new non-profit organization, including a description of their mission and a list of services.",Writing,good
"Create a 1-page business card for a new entrepreneur, including a description of their business and a list of contact information.",Writing,good
"Develop a 5-page proposal for a new project, including a description of the goals and objectives and a list of resources required.",Writing,excellent
Write a short story about a group of friends who discover a hidden talent for magic.,Writing,poor
"Compose a 30-second news headline for a breaking news story about a new discovery in space, including a catchy title and a memorable sound bite.",Writing,good
"Create a 2-page press kit for a new product launch, including a description of the product and a list of key features.",Writing,good
"Develop a 10-page technical report on the design and implementation of a new software system, including a discussion of the architecture and a list of performance metrics.",Writing,excellent
"Write a 500-word article on the benefits of sustainable fashion, including a discussion of the current research and a list of eco-friendly clothing brands.",Writing,good
"Design a 2-page menu for a new restaurant that specializes in fine dining, including a description of the dishes and a list of ingredients.",Writing,excellent
"Create a 1-page brochure for a new travel agency, including a description of their services and a list of destinations.",Writing,good
"Develop a 5-page whitepaper on the potential applications of artificial intelligence in education, including a discussion of the benefits and challenges.",Writing,excellent
Write a short story about a group of friends who stumble upon a hidden world within their own dreams.,Writing,poor
"Compose a 30-second commercial script for a new line of eco-friendly cleaning products, including a catchy slogan and a memorable tagline.",Writing,good
"Create a 2-page marketing plan for a new product launch, including a description of the target audience and a list of marketing channels.",Writing,excellent
"Develop a 10-page research paper on the impact of social media on body image, including a discussion of the current research and a list of policy recommendations.",Writing,good
"Write a 500-word article on the benefits of mindfulness for mental health, including a discussion of the current research and a description of a mindfulness exercise.",Writing,good
"Design a 2-page website for a new non-profit organization, including a description of their mission and a list of services.",Writing,good
"Create a 1-page business card for a new entrepreneur, including a description of their business and a list of contact information.",Writing,good
"Develop a 5-page proposal for a new project, including a description of the goals and objectives and a list of resources required.",Writing,excellent
Write a short story about a group of friends who discover a hidden talent for music.,Writing,poor
"Compose a 30-second news headline for a breaking news story about a new discovery in medicine, including a catchy title and a memorable sound bite.",Writing,good
"Create a 2-page press kit for a new product launch, including a description of the product and a list of key features.",Writing,good
"Develop a 10-page technical report on the design and implementation of a new software system, including a discussion of the architecture and a list of performance metrics.",Writing,excellent
"Write a 500-word blog post on the benefits of using machine learning for personalized medicine, including examples and statistics. Include three case studies and a conclusion. Format the post with headings and subheadings. Use a formal tone and include a call-to-action at the end.",Writing,excellent
"Create a user manual for a new smart thermostat model. Include installation instructions, setup guide, and troubleshooting tips.",Writing,good
Write an article about AI-powered chatbots. What are they? How do they work?,Writing,poor
Generate a 5-minute script for a short YouTube video explaining the concept of blockchain technology and its applications in finance. Include animations and graphics.,Writing,excellent
Write a 100-word product description for a new smartwatch. Include features and benefits.,Writing,good
Create a fictional scenario where a company uses AI to improve customer service. What are the benefits and challenges?,Writing,poor
"Develop a comprehensive guide on cybersecurity best practices for small businesses. Include tips, tricks, and resources.",Writing,excellent
Write a social media post announcing a new product launch. Include a catchy headline and a brief description.,Writing,good
Write an essay on the impact of AI on society. Discuss the benefits and drawbacks.,Writing,poor
Create a sales pitch for a cloud-based storage solution. Include a list of features and benefits.,Writing,excellent
Write a short story about a character who discovers a hidden talent for coding. What does he learn?,Writing,good
"Explain how to use a particular programming language, including syntax and data types.",Writing,poor
Develop a marketing plan for a new e-commerce website. Include a target audience analysis and a promotional strategy.,Writing,excellent
Write a technical whitepaper on a new datacenter architecture. Include design principles and performance metrics.,Writing,good
Create a tutorial on how to build a simple machine learning model using a popular library.,Writing,excellent
Write a case study on a company that successfully implemented an AI-powered sales platform. What were the results?,Writing,good
Explain the concept of data analytics and its importance in business decision-making.,Writing,poor
"Develop a comprehensive guide on web development best practices. Include tips, tricks, and resources.",Writing,excellent
Write a 30-minute script for a podcast on the latest trends in AI research.,Writing,good
Create a sales page for a software product. Include a list of features and benefits.,Writing,excellent
Write a short poem about the beauty of algorithms.,Writing,poor
"Develop a comprehensive guide on cloud security best practices. Include tips, tricks, and resources.",Writing,excellent
Write a 100-word product description for a new smart speaker. Include features and benefits.,Writing,good
Create a tutorial on how to create a custom AI model using a popular framework.,Writing,excellent
Write a case study on a company that successfully implemented an AI-powered marketing platform. What were the results?,Writing,good
Explain the concept of natural language processing and its applications.,Writing,poor
"Develop a comprehensive guide on DevOps best practices. Include tips, tricks, and resources.",Writing,excellent
Write a 60-minute script for a webinar on the latest trends in data science.,Writing,good
Create a sales page for a cloud-based service. Include a list of features and benefits.,Writing,excellent
Write a short story about a character who discovers a hidden talent for game development. What does he learn?,Writing,good
Explain the concept of cybersecurity and its importance in business.,Writing,poor
"Develop a comprehensive guide on agile project management best practices. Include tips, tricks, and resources.",Writing,excellent
Write a 200-word article on the benefits of using cloud-based storage for small businesses. Include examples and statistics.,Writing,good
Create a user manual for a new software product. Include installation instructions and setup guide.,Writing,excellent
Write a case study on a company that successfully implemented an AI-powered chatbot. What were the results?,Writing,good
Explain the concept of data visualization and its importance in business decision-making.,Writing,poor
"Develop a comprehensive guide on machine learning best practices. Include tips, tricks, and resources.",Writing,excellent
Write a 15-minute script for a social media video on the latest trends in AI research.,Writing,good
Create a sales page for a hardware product. Include a list of features and benefits.,Writing,excellent
Write an essay on the impact of AI on the job market. Discuss the benefits and drawbacks.,Writing,poor
"Develop a comprehensive guide on web accessibility best practices. Include tips, tricks, and resources.",Writing,excellent
Write a 100-word product description for a new smartwatch. Include features and benefits.,Writing,good
Create a tutorial on how to create a custom API using a popular framework.,Writing,excellent
"Write a 500-word short story about a young girl who discovers a hidden garden in her grandfather's attic, set in 19th century England, in first person narrative, using a mix of formal and informal language.",Writing,excellent
"Describe the architecture of the Eiffel Tower, focusing on its engineering and historical significance.",Writing,excellent
Create a list of 10 common medical conditions that can be treated with physical therapy.,Writing,excellent
"Write a poem about the changing seasons, using at least 5 senses.",Writing,excellent
"Develop a marketing plan for a new eco-friendly energy drink, targeting health-conscious millennials.",Writing,excellent
Explain the concept of blockchain technology in simple terms.,Writing,good
"Create a character sketch of a 30-year-old entrepreneur who just launched a successful startup, focusing on their motivations and personality traits.",Writing,good
Write a script for a 2-minute video about the benefits of meditation for mental health.,Writing,good
"Describe the cultural significance of the Taj Mahal, including its history and symbolism.",Writing,good
"Design a brochure for a new yoga studio, highlighting its unique features and classes.",Writing,good
Explain the difference between a hypothesis and a theory in scientific research.,Writing,good
Write a 3-paragraph summary of the book 'To Kill a Mockingbird'.,Writing,good
Create a list of the 10 most popular programming languages used in web development.,Writing,good
Develop a 5-step plan to improve website accessibility for people with disabilities.,Writing,good
Describe the key features of a 5G network.,Writing,good
Write a short story about a group of friends who go on a road trip across the United States.,Writing,poor
Tell me about artificial intelligence.,Writing,poor
Create a story about a superhero who saves the world from an alien invasion.,Writing,poor
Write a poem about love.,Writing,poor
Explain the concept of a black hole.,Writing,poor
Write a script for a movie about a group of friends who go on a adventure.,Writing,poor
Describe a typical day in the life of a software engineer.,Writing,poor
Create a marketing plan for a new product.,Writing,poor
Explain the benefits of regular exercise.,Writing,poor
Write a short story about a person who discovers a hidden treasure.,Writing,poor
Describe the cultural significance of a traditional holiday.,Writing,poor
Create a character sketch of a fictional character.,Writing,poor
Write a script for a video about the benefits of sustainable living.,Writing,poor
Describe the key features of a new smartphone model.,Writing,poor
Develop a 5-step plan to improve mental health.,Writing,poor
Explain the concept of a cryptocurrency.,Writing,poor
Write a poem about nature.,Writing,poor
Create a marketing plan for a new restaurant.,Writing,poor
Describe a typical day in the life of a chef.,Writing,poor
Explain the benefits of meditation.,Writing,poor
Write a short story about a group of friends who go on a vacation.,Writing,poor
Describe the cultural significance of a traditional dance.,Writing,poor
Create a character sketch of a historical figure.,Writing,poor
Write a script for a video about the benefits of a plant-based diet.,Writing,poor
Describe the key features of a new laptop model.,Writing,poor
Develop a 5-step plan to improve physical health.,Writing,poor
Explain the concept of a social media platform.,Writing,poor
Write a poem about friendship.,Writing,poor
Create a marketing plan for a new business.,Writing,poor
Describe a typical day in the life of a doctor.,Writing,poor
"Research potential applications of Graph Neural Networks in predicting stock market prices within the next 5 years, considering a minimum 3-year historical dataset. Please provide a detailed report in a Word document, 10-15 pages, with at least 2 references per section. ",Research,excellent
"List top 10 most efficient machine learning algorithms for text classification, focusing on accuracy and processing speed. ",Research,good
Study the effect of AI on human employment. ,Research,poor
"Develop a recommendation system for E-commerce websites using collaborative filtering and matrix factorization. Please implement the model in Python with a code repository hosted on GitHub. Provide a detailed report in a Jupyter Notebook, including explanation, code, and visualizations. ",Research,excellent
What are some key differences between supervised and unsupervised machine learning? ,Research,good
Research the impact of deep learning on medical imaging analysis. ,Research,poor
"Design a predictive model to forecast energy consumption in a smart home using time-series analysis and weather data. Implement the model in R, include a detailed report in a PDF document, and provide a sample dataset. ",Research,excellent
Describe the process of building a chatbot using natural language processing. ,Research,good
Examine the role of AI in cybersecurity. ,Research,poor
Create a sentiment analysis model for movie reviews using NLTK and Naive Bayes. Provide a code repository hosted on GitHub and a detailed report in a Markdown document. ,Research,excellent
What is the difference between a decision tree and a random forest? ,Research,good
Study the applications of computer vision in robotics. ,Research,poor
"Develop a machine learning model to predict stock prices using historical data and financial indicators. Implement the model in Python with a code repository hosted on GitHub. Provide a detailed report in a Jupyter Notebook, including explanation, code, and visualizations. ",Research,excellent
Describe the basics of neural networks. ,Research,good
Examine the challenges of training deep learning models. ,Research,poor
Design a system to recommend products to customers based on their browsing history and preferences. Implement the model in Java with a code repository hosted on GitHub. Provide a detailed report in a PDF document. ,Research,excellent
What are some common machine learning algorithms for time-series analysis? ,Research,good
Research the role of AI in autonomous vehicles. ,Research,poor
Create a model to classify images using convolutional neural networks. Provide a code repository hosted on GitHub and a detailed report in a Markdown document. ,Research,excellent
Describe the process of deploying a machine learning model in production. ,Research,good
Examine the applications of natural language processing in text summarization. ,Research,poor
"Develop a recommendation system for music streaming services using collaborative filtering and matrix factorization. Implement the model in Python with a code repository hosted on GitHub. Provide a detailed report in a Jupyter Notebook, including explanation, code, and visualizations. ",Research,excellent
What is the difference between supervised and semi-supervised learning? ,Research,good
Study the challenges of AI adoption in industries. ,Research,poor
Design a chatbot for customer support using dialogue systems and natural language processing. Implement the chatbot in Python with a code repository hosted on GitHub. Provide a detailed report in a PDF document. ,Research,excellent
What are some common techniques for feature engineering in machine learning? ,Research,good
Research the impact of AI on education. ,Research,poor
Create a model to predict the outcome of sports games using statistical analysis and machine learning. Provide a code repository hosted on GitHub and a detailed report in a Markdown document. ,Research,excellent
Describe the process of building a speech recognition system using deep learning. ,Research,good
Examine the applications of computer vision in healthcare. ,Research,poor
"Develop a predictive model to forecast traffic congestion using traffic patterns and weather data. Implement the model in R, include a detailed report in a PDF document, and provide a sample dataset. ",Research,excellent
What is the difference between a support vector machine and a random forest? ,Research,good
Study the role of AI in finance. ,Research,poor
"Design a system to recommend products to customers based on their purchase history and preferences. Implement the model in Python with a code repository hosted on GitHub. Provide a detailed report in a Jupyter Notebook, including explanation, code, and visualizations. ",Research,excellent
What are some common machine learning algorithms for clustering? ,Research,good
Research the impact of AI on the environment. ,Research,poor
Create a model to classify text as spam or not spam using natural language processing and machine learning. Provide a code repository hosted on GitHub and a detailed report in a Markdown document. ,Research,excellent
Describe the process of deploying a deep learning model in production. ,Research,good
Examine the applications of computer vision in security. ,Research,poor
"Develop a predictive model to forecast energy production in a solar farm using weather data and machine learning. Implement the model in Python with a code repository hosted on GitHub. Provide a detailed report in a Jupyter Notebook, including explanation, code, and visualizations. ",Research,excellent
What is the difference between a decision tree and a neural network? ,Research,good
Study the role of AI in autonomous drones. ,Research,poor
Design a system to recommend movies to customers based on their viewing history and preferences. Implement the model in Java with a code repository hosted on GitHub. Provide a detailed report in a PDF document. ,Research,excellent
What are some common techniques for data preprocessing in machine learning? ,Research,good
Research the impact of AI on food production. ,Research,poor
Create a model to classify images as objects or not objects using convolutional neural networks. Provide a code repository hosted on GitHub and a detailed report in a Markdown document. ,Research,excellent
Describe the process of building a natural language processing pipeline using SpaCy and scikit-learn. ,Research,good
Examine the applications of AI in robotics. ,Research,poor
"Investigate the feasibility of implementing a reinforcement learning algorithm to optimize the navigation system of self-driving cars in urban environments, considering factors such as traffic congestion, pedestrian safety, and road sign recognition. Provide a 5-page report in APA format.",Research,excellent
I'm building a chatbot to assist customers with their Amazon orders. Can you research and suggest a natural language processing technique to improve the intent identification accuracy?,Research,good
What technologies can I use to build a mobile app for tracking fitness goals?,Research,poor
Analyze the performance of a neural network model on a dataset of medical images to predict the presence of breast cancer. Compare the results with current state-of-the-art models and provide recommendations for improvement.,Research,excellent
Can you give me some ideas on how to use AI in finance?,Research,poor
"Design a data pipeline to collect, process, and store IoT sensor data from industrial equipment, considering scalability, data quality, and security constraints. Provide a high-level architecture diagram.",Research,excellent
I need a research paper on the use of machine learning in cybersecurity.,Research,poor
"Research and compare the effectiveness of various clustering algorithms for image segmentation tasks. Consider metrics such as precision, recall, and F1-score.",Research,good
Can you analyze the sentiment analysis of Twitter data and suggest ways to improve the model?,Research,good
"Investigate the applications of computer vision in quality control for manufacturing processes, including defect detection and object recognition. Provide a 10-page report in IEEE format.",Research,excellent
What is the best way to implement a recommendation system for e-commerce?,Research,poor
Analyze the impact of the number of hidden layers on the performance of a neural network model for a binary classification task. Compare the results with different activation functions and provide recommendations for optimal network architecture.,Research,good
Research and suggest a text preprocessing technique for natural language processing tasks,Research,good
Investigate the use of transfer learning for image classification tasks on a dataset of satellite images. Compare the results with fine-tuning a pre-trained model and provide recommendations for adaptation.,Research,excellent
Can you write a report on AI in healthcare?,Research,poor
Design a machine learning model to predict the stock prices of Apple and Google based on historical data and technical indicators. Provide a high-level architecture diagram and recommend a suitable algorithm.,Research,good
Research and compare the performance of different regression algorithms on a dataset of continuous values. Consider metrics such as mean squared error and coefficient of determination.,Research,good
"Investigate the applications of natural language processing in customer service chatbots, including intent identification and response generation. Provide a 15-page report in CHI format.",Research,excellent
Can you tell me about how AI is used in robotics?,Research,poor
Analyze the impact of data normalization on the performance of a neural network model for a binary classification task. Compare the results with different normalization techniques and provide recommendations for optimal data preprocessing.,Research,good
Research and suggest a technique for improving the robustness of a machine learning model against adversarial attacks,Research,good
Investigate the feasibility of implementing a blockchain-based system for secure data sharing and collaboration in cloud computing environments. Provide a 10-page report in Springer format.,Research,excellent
What are some applications of computer vision in medical imaging?,Research,poor
"Design a data warehouse to store and analyze IoT sensor data from industrial equipment, considering scalability, data quality, and security constraints. Provide a high-level architecture diagram.",Research,good
Can you provide some ideas on how to apply AI in marketing?,Research,poor
Analyze the performance of a decision tree model on a dataset of categorical values to predict the most likely category. Compare the results with other classification algorithms and provide recommendations for improvement.,Research,good
Research and compare the performance of different clustering algorithms for spatial data. Consider metrics such as silhouette score and calinski-harabasz index.,Research,good
"Investigate the applications of machine learning in finance, including stock prediction and credit scoring. Provide a 20-page report in Elsevier format.",Research,excellent
Can you give me some examples of AI in education?,Research,poor
Design a recommendation system for e-commerce to suggest products based on user behavior and preferences. Provide a high-level architecture diagram and recommend a suitable algorithm.,Research,good
Research and suggest a technique for improving the interpretability of a machine learning model,Research,good
Investigate the feasibility of implementing a quantum-inspired optimization algorithm for solving complex optimization problems in logistics and supply chain management. Provide a 15-page report in ACM format.,Research,excellent
What are some applications of natural language processing in customer service chatbots?,Research,poor
Analyze the impact of the batch size on the performance of a neural network model for a binary classification task. Compare the results with different batch sizes and provide recommendations for optimal model architecture.,Research,good
Research and compare the effectiveness of various feature selection techniques for machine learning models. Consider metrics such as accuracy and feature importance.,Research,good
"Investigate the applications of computer vision in quality control for manufacturing processes, including defect detection and object recognition. Provide a 10-page report in IEEE format.",Research,excellent
Can you write a research paper on AI in cybersecurity?,Research,poor
"Design a data pipeline to collect, process, and store IoT sensor data from industrial equipment, considering scalability, data quality, and security constraints. Provide a high-level architecture diagram and recommend a suitable algorithm.",Research,good
"Develop a Python script to analyze the sentiment of customer reviews for an e-commerce company, considering both the product and the company itself. Output should be a CSV file with columns for the review ID, product name, overall sentiment, and a binary classification of whether the review is positive or negative. The script should handle missing values and outliers, and include comments explaining each section of the code.",Research,excellent
"Compare the performance of different machine learning algorithms (decision trees, random forests, support vector machines, and neural networks) on the Pima Indians Diabetes dataset. Use Python and the Scikit-learn library to implement and train the models, and evaluate their accuracy using metrics such as precision, recall, F1-score, and AUC-ROC. Present the results in a table and include a brief discussion of the findings.",Research,excellent
Create a Ruby program to fetch the current exchange rate of the US dollar to the British pound and display it in the console. Use the Xignite API and handle cases where the API returns an error or is slow to respond.,Research,excellent
Build a web scraper using Beautiful Soup and Scrapy to extract job postings from Indeed.com and store them in a MongoDB database. Handle pagination and rotation through multiple user agents to avoid getting blocked.,Research,excellent
Find the optimal combination of hyperparameters for a linear regression model to predict house prices in Boston using the Boston Housing dataset from Kaggle. Use GridSearchCV from Scikit-learn and evaluate the model's performance on the test set. Include a brief discussion of the significance of the features and the results.,Research,excellent
"Write a Rust program to calculate the Mandelbrot set and display it as an image using a graphics library like Piston or wgpu. Include options to adjust the resolution, number of iterations, and color scheme.",Research,excellent
"Analyze the impact of feature engineering on the performance of a classification model using the Titanic dataset from Kaggle. Compare the performance of the model with and without feature engineering, and discuss the significance of the features that improved the model's accuracy.",Research,excellent
Develop a Python script to generate a simple web crawler using Scrapy to scrape the titles of articles from a news website and save them to a CSV file. Handle cases where the website uses JavaScript or returns a rate limit error.,Research,good
Implement a binary search algorithm in Java to find a specific element in a sorted array. Include a test suite to verify the correct execution of the algorithm.,Research,good
Use Python and the Scikit-image library to apply edge detection techniques (such as Canny or Sobel) to an image and visualize the results.,Research,good
Create a JavaScript program to fetch the current weather for a specific city and display it in the console. Use the OpenWeatherMap API and handle cases where the API returns an error or is slow to respond.,Research,good
Develop a Python script to calculate the Fibonacci sequence up to a given number and display it in the console.,Research,good
"Compare the performance of different sorting algorithms (bubble sort, selection sort, merge sort, and quick sort) on a large dataset using Python and the timeit module. Present the results in a table and include a brief discussion of the findings.",Research,good
Use Python and the NLTK library to tokenize a sentence and part-of-speech tag its components. Include options to adjust the tokenizer and tagger models for specific use cases.,Research,good
Build a simple web server using Node.js and the Express framework to serve static files from a directory. Include options to adjust the port number and directory path.,Research,good
Analyze the security of a random web application using Burp Suite and OWASP ZAP. Identify potential vulnerabilities and provide recommendations for improvement.,Research,poor
Design a neural network using TensorFlow to predict the likelihood of a customer buying a product based on their demographic information.,Research,poor
Develop a program to calculate the shortest path between two nodes in a weighted graph using Dijkstra's algorithm.,Research,poor
Write a program to scrape a website and extract information about the products it sells. Use a web scraping library like Scrapy or Beautiful Soup.,Research,poor
Create a program to classify text as spam or not spam using a machine learning algorithm like Naive Bayes or Support Vector Machines.,Research,poor
"Implement a stack data structure using Python to store and retrieve elements. Include methods for push, pop, peek, and is_empty.",Research,poor
"Analyze the performance of a machine learning model on a given dataset using metrics like precision, recall, F1-score, and AUC-ROC.",Research,poor
Use Python to implement the Breadth-First Search (BFS) algorithm to find the shortest path between two nodes in a graph.,Research,poor
"Create a Java program to simulate the behavior of a coin toss, displaying the results and calculating the probability of getting heads or tails.",Research,poor
"Design a program to generate random passwords with a combination of uppercase and lowercase letters, numbers, and special characters.",Research,poor
"Develop a Python script to generate a random password for a user based on their preferences, including length, character set, and uniqueness.",Research,poor
Build a program to calculate the area and perimeter of a circle given its radius.,Research,poor
Implement a binary search algorithm in Rust to find a specific element in a sorted array.,Research,poor
Create a JavaScript program to convert a string of numbers into a decimal or hexadecimal representation.,Research,poor
Use Python and the Scikit-learn library to develop a simple classifier for a binary classification task.,Research,good
Develop a Python script to parse a JSON file and extract specific information from it.,Research,good
"Implement a linked list in Python to store and retrieve elements. Include methods for insertion, deletion, and iteration.",Research,good
"Create a Java program to simulate a simple bank account, allowing users to deposit and withdraw money, and viewing their balance.",Research,good
Use Python and the OpenCV library to apply image filtering and morphological operations to an image.,Research,good
Build a program to calculate the sum of all the numbers in a given list.,Research,poor
Develop a Python script to generate a random list of numbers and calculate their sum.,Research,poor
"Implement a stack data structure using C++ to store and retrieve elements. Include methods for push, pop, peek, and is_empty.",Research,poor
"Create a Ruby program to simulate a clock, displaying the current time and allowing users to set an alarm.",Research,good
Use Python and the Scrapy library to crawl a website and extract information about the products it sells.,Research,good
Develop a program to calculate the distance between two points on a 2D plane using the Euclidean distance formula.,Research,poor
"Implement a queue data structure using Python to store and retrieve elements. Include methods for enqueue, dequeue, peek, and is_empty.",Research,poor
"Create a Java program to simulate a game of Rock, Paper, Scissors, allowing users to play against the computer.",Research,good
"Use Python and the numpy library to perform numerical operations on arrays, including element-wise multiplication and addition.",Research,good
Develop a program to calculate the average of all the numbers in a given list.,Research,poor
Implement a binary search algorithm in Python to find a specific element in a sorted array.,Research,good
"Develop a Python script to extract and transform data from a CSV file, ensuring accurate formatting and compliance with ISO 8601 date standards.",Research,excellent
"Analyze the impact of climate change on global sea levels, considering both short-term and long-term projections.",Research,good
Tell me about blockchain technology.,Research,poor
Create a Java class to implement a basic hash table with an average time complexity of O(1) for insertions and deletions.,Research,excellent
Research the history of artificial intelligence and its major milestones.,Research,good
What is the meaning of life?,Research,poor
"Design a MySQL database schema for a social media platform, including entity relationship diagrams and indexing strategies.",Research,excellent
Compare and contrast the differences between Python 2 and Python 3.,Research,good
Write an article about AI ethics.,Research,poor
Develop a C++ program to simulate a Markov chain with a given transition matrix and initial distribution.,Research,excellent
Study the impact of social media on modern society.,Research,good
Explain the concept of machine learning.,Research,poor
Create a TypeScript function to implement the A* pathfinding algorithm using a binary heap priority queue.,Research,excellent
Research the history of computer science and its major pioneers.,Research,good
Write a novel.,Research,poor
"Design a RESTful API for a real-time analytics platform using Node.js and Express.js, including request and response formatting, error handling, and rate limiting.",Research,excellent
Analyze the performance of different machine learning algorithms on a given dataset.,Research,good
Tell me about the future of space exploration.,Research,poor
Create a Bash script to automate database backups and restores using SQL and rsync.,Research,excellent
Research the economic impact of renewable energy sources.,Research,good
Write a short story.,Research,poor
Develop a Python program to implement the PageRank algorithm using a power iteration method.,Research,excellent
Compare and contrast the features and pricing plans of popular cloud computing platforms.,Research,good
Explain the concept of quantum computing.,Research,poor
Create a PHP function to implement a basic web crawler using curl and DOMDocument.,Research,excellent
Study the cultural impact of social media on modern society.,Research,good
Tell me about the history of video games.,Research,poor
"Design a Go program to implement a basic web server using the net/http package, including request and response formatting, error handling, and logging.",Research,excellent
Analyze the impact of social media on mental health.,Research,good
Explain the concept of natural language processing.,Research,poor
Create a Ruby program to implement a basic hash table with an average time complexity of O(1) for insertions and deletions.,Research,excellent
Research the economic impact of climate change.,Research,good
Write a poem.,Research,poor
Develop a JavaScript function to implement a basic autocomplete algorithm using a Trie data structure.,Research,excellent
Compare and contrast the features and pricing plans of popular cybersecurity solutions.,Research,good
Tell me about the future of renewable energy sources.,Research,poor
"Design a Rust program to implement a basic web server using the actix-web crate, including request and response formatting, error handling, and logging.",Research,excellent
Analyze the performance of different data compression algorithms on a given dataset.,Research,good
Explain the concept of computer vision.,Research,poor
Create a Swift function to implement a basic hash table with an average time complexity of O(1) for insertions and deletions.,Research,excellent
Research the impact of social media on politics.,Research,good
Write a script.,Research,poor
"Develop a Haskell program to implement a basic web server using the wai and warp packages, including request and response formatting, error handling, and logging.",Research,excellent
"Research and compare 3 machine learning algorithms (Decision Trees, Random Forest, Support Vector Machines) for image classification tasks in Python, including their accuracy and computational efficiency. Please provide a table summarizing the results. Constraint: Use only publicly available datasets.",Research,excellent
Analyze the impact of climate change on global food production.,Research,poor
Write a Python program to scrape the top 10 news headlines from CNN's website and store them in a CSV file. Use BeautifulSoup for HTML parsing and pandas for data manipulation. Provide code with comments and a brief explanation of the process.,Research,excellent
Explore the effects of social media on mental health.,Research,poor
"Research and implement a real-time object detection system using YOLOv4 in PyTorch. Compare its performance with other object detection algorithms (SSD, Faster R-CNN). Use the COCO dataset for evaluation and provide a plot showing the results. Constraint: Achieve at least 70% mAP.",Research,excellent
Study the relationship between income and happiness.,Research,poor
"Create a Python script to generate a random graph with 50 nodes and 100 edges using NetworkX. Compute and display the graph's clustering coefficient, diameter, and average shortest path length. Use matplotlib for visualization.",Research,good
"Compare the security features of 3 different encryption algorithms (AES, RSA, Elliptic Curve Cryptography).",Research,good
Develop a recommendation system using collaborative filtering for movie ratings. Implement it in Python and train it on a dataset of user ratings. Provide a list of recommended movies for a given user.,Research,excellent
Analyze the sentiment of customer reviews for a product.,Research,poor
"Research and implement a natural language processing task (part-of-speech tagging, named entity recognition, or dependency parsing) using spaCy. Use the Brown Corpus for evaluation and provide a list of metrics (accuracy, precision, recall, F1 score).",Research,excellent
Examine the impact of sleep deprivation on cognitive function.,Research,poor
"Create a Python script to simulate a simple economic model (e.g., supply and demand) using NumPy and matplotlib. Include a section to analyze the results and draw conclusions.",Research,good
Study the effect of exercise on cardiovascular health.,Research,poor
Research and implement a chatbot using deep learning for sentiment analysis. Train it on a dataset of customer reviews and evaluate its performance using metrics such as accuracy and F1 score.,Research,excellent
Investigate the relationship between air pollution and respiratory diseases.,Research,poor
"Create a Python program to visualize a dataset of weather data (temperature, humidity, wind speed) using matplotlib. Include a section to analyze the correlations between the variables.",Research,good
Analyze the market trends of a particular stock or cryptocurrency.,Research,poor
"Research and implement a predictive model (e.g., linear regression, decision trees) for a real-world dataset (e.g., housing prices, crime rates). Provide a list of metrics (coefficients, R-squared, mean squared error) and a brief explanation of the results.",Research,excellent
Explore the effects of stress on the immune system.,Research,poor
"Create a Python script to perform data preprocessing for a machine learning task (handling missing values, encoding categorical variables, scaling features). Use the Titanic dataset for evaluation and provide a plot showing the results.",Research,good
"Compare the performance of 2 different machine learning algorithms (e.g., SVM, Random Forest) for a classification task. Use the Iris dataset for evaluation and provide a list of metrics (accuracy, precision, recall, F1 score).",Research,good
Develop a web scraper to extract data from a website and store it in a CSV file.,Research,good
Research and implement a recommender system using matrix factorization. Train it on a dataset of user ratings and provide a list of recommended items for a given user.,Research,excellent
Analyze the impact of social media on body image.,Research,poor
Create a Python program to perform clustering analysis on a dataset of customer transactions using k-means clustering. Use the silhouette coefficient to evaluate the quality of the clusters and provide a plot showing the results.,Research,good
Study the effect of diet on cardiovascular health.,Research,poor
"Research and implement a natural language processing task (part-of-speech tagging, named entity recognition) for a real-world dataset (e.g., news articles, product reviews). Provide a list of metrics (accuracy, precision, recall, F1 score) and a brief explanation of the results.",Research,excellent
Examine the relationship between education and income.,Research,poor
"Create a Python script to simulate a complex system (e.g., stock market, epidemiology) using differential equations. Include a section to analyze the results and draw conclusions.",Research,good
Analyze the impact of climate change on polar bears.,Research,poor
"Research and implement a predictive model (e.g., linear regression, decision trees) for a real-world dataset (e.g., housing prices, crime rates). Provide a list of metrics (coefficients, R-squared, mean squared error) and a brief explanation of the results.",Research,excellent
Investigate the effects of meditation on mental health.,Research,poor
Create a Python program to visualize a dataset of network traffic using matplotlib. Include a section to analyze the correlations between the variables.,Research,good
Analyze the market trends of a particular industry.,Research,poor
Research and implement a chatbot using rule-based systems for customer service. Train it on a dataset of customer queries and evaluate its performance using metrics such as accuracy and response time.,Research,excellent
Study the effect of smoking on lung cancer.,Research,poor
"Create a Python script to perform data visualization for a machine learning task (e.g., plotting decision boundaries, visualizing feature importance). Use the Iris dataset for evaluation and provide a plot showing the results.",Research,good
"Compare the performance of 2 different deep learning architectures (e.g., VGG, ResNet) for a classification task. Use the CIFAR-10 dataset for evaluation and provide a list of metrics (accuracy, precision, recall, F1 score).",Research,good
Develop a recommendation system using collaborative filtering for movie ratings. Implement it in Python and train it on a dataset of user ratings.,Research,excellent
"Research and implement a topic modeling technique (e.g., LDA, NMF) for a real-world dataset (e.g., news articles, product reviews). Provide a list of metrics (perplexity, coherence score) and a brief explanation of the results.",Research,excellent
Analyze the impact of social isolation on mental health.,Research,poor
"Create a Python program to simulate a complex system (e.g., stock market, epidemiology) using agent-based modeling. Include a section to analyze the results and draw conclusions.",Research,good
Study the effect of exercise on anxiety.,Research,poor
"Design an AI-powered chatbot for a customer service role in a retail setting, integrate with existing CRM, and ensure 95% accuracy in resolving customer queries within 30 seconds. Format the response as a Python code snippet.",Research,excellent
"Compare the performance of TensorFlow and PyTorch on a computer vision task involving image classification, discuss the trade-offs, and recommend the best approach.",Research,excellent
"Develop a web scraper to extract company information from LinkedIn profiles, including name, title, and industry, and save the data in a CSV file.",Research,good
"Investigate the use of NLP in text summarization, provide a list of popular techniques, and discuss their advantages and disadvantages.",Research,good
I need a summary of machine learning for beginners,Research,poor
"Create a virtual assistant that can schedule appointments, send emails, and make phone calls, using Node.js and a web browser API.",Research,excellent
"Design a neural network architecture for a regression task in finance, involving predicting stock prices, and provide a Python implementation.",Research,excellent
"Build a recommendation system that integrates with an e-commerce platform, using collaborative filtering and content-based filtering, and ensure a 90% accuracy rate.",Research,excellent
"Discuss the differences between supervised and unsupervised learning, and provide examples of each",Research,good
"Write a Python function to preprocess text data for sentiment analysis, including tokenization, stemming, and lemmatization.",Research,good
"I want to learn about AI, give me some suggestions",Research,poor
"Develop a mobile app that uses computer vision to detect objects, detect traffic lights, and provide real-time navigation, using Java and OpenCV.",Research,excellent
"Train a neural network on a dataset of images, using convolutional neural networks and transfer learning, to classify objects in images, and achieve a 95% accuracy rate.",Research,excellent
"Discuss the security risks associated with deep learning models, and provide recommendations for mitigating them.",Research,good
"Build a chatbot that can simulate a conversation with a human, using NLP and machine learning, and ensure a 95% accuracy rate in understanding user input.",Research,excellent
"Create a dashboard to visualize the performance of a machine learning model, including metrics such as accuracy, precision, and recall.",Research,good
"Investigate the use of reinforcement learning in robotics, and provide a list of popular techniques and algorithms.",Research,good
I need help with a project,Research,poor
"Design a recommender system that integrates with a music streaming platform, using matrix factorization and collaborative filtering, and ensure a 90% accuracy rate.",Research,excellent
"Train a model to classify text as spam or not spam, using a dataset of 10,000 samples, and achieve a 98% accuracy rate.",Research,good
"Discuss the limitations of machine learning models, and provide recommendations for addressing them.",Research,good
"Create a tool to visualize the structure of a neural network, including layers, nodes, and connections.",Research,good
I am having trouble with a model,Research,poor
"Develop a tool to extract insights from a dataset, including trends, correlations, and anomalies, and provide a visualization of the results.",Research,excellent
"Design a system to generate synthetic data for machine learning models, including data augmentation and noise injection.",Research,excellent
"Investigate the use of transfer learning in NLP, and provide a list of popular techniques and architectures.",Research,good
I want to learn about deep learning,Research,poor
"Create a model to predict the stock prices of a company, using historical data and technical indicators, and achieve a 95% accuracy rate.",Research,good
"Design a tool to visualize the performance of a machine learning model, including metrics such as accuracy, precision, and recall.",Research,good
I need a project idea,Research,poor
"Develop a model to classify images as faces or non-faces, using a dataset of 10,000 samples, and achieve a 98% accuracy rate.",Research,good
"Discuss the advantages and disadvantages of using deep learning models, and provide recommendations for choosing the right model.",Research,good
"Create a tool to extract insights from a dataset, including trends, correlations, and anomalies, and provide a visualization of the results.",Research,good
"Design a recommender system that integrates with an e-commerce platform, using collaborative filtering and content-based filtering, and ensure a 90% accuracy rate.",Research,excellent
I need help with a project,Research,poor
"Develop a tool to visualize the performance of a machine learning model, including metrics such as accuracy, precision, and recall.",Research,good
"Design a system to generate synthetic data for machine learning models, including data augmentation and noise injection.",Research,excellent
"Investigate the use of reinforcement learning in robotics, and provide a list of popular techniques and algorithms.",Research,good
"Create a dashboard to visualize the performance of a machine learning model, including metrics such as accuracy, precision, and recall.",Research,good
I want to learn about machine learning,Research,poor
"Train a model to classify text as spam or not spam, using a dataset of 10,000 samples, and achieve a 98% accuracy rate.",Research,good
"Create a Python script that reads a CSV file and outputs the unique values in a specific column, formatted as a JSON object, and with a maximum of 10 rows.",General,excellent
"Generate a JavaScript function that calculates the total cost of items in a shopping cart, taking into account sales tax and discounts.",General,excellent
"Design a C++ class to represent a complex number with real and imaginary parts, and provide methods for addition, subtraction, multiplication, and division.",General,excellent
"Build a simple chatbot in Python that responds to basic user queries, such as 'what is your name?' and 'how old are you?'",General,good
"Write a C# program to sort an array of integers in ascending order, then find the average value of the sorted array.",General,good
"Make a PHP function that encrypts a string using a Caesar cipher, with a shift of 3 characters.",General,good
I need a program that does something with data,General,poor
Create a Java application that plays a simple game of tic-tac-toe against a human player.,General,excellent
"Write a Ruby script that reads a text file and counts the frequency of each word, ignoring case and punctuation.",General,excellent
"Build a simple RESTful API in Python using Flask that allows users to create, read, update, and delete (CRUD) books.",General,excellent
"Generate a Go program that calculates the Fibonacci sequence up to a given number, then prints the result.",General,excellent
Create a JavaScript function that validates a credit card number using the Luhn algorithm.,General,excellent
Make a C# program that reads a JSON file and extracts specific data into a new CSV file.,General,good
"Design a C++ class template to represent a graph with weighted edges, and provide methods for adding nodes and edges, as well as finding the shortest path between two nodes.",General,excellent
Build a simple web scraper in Python using BeautifulSoup and Requests to extract data from a website.,General,good
"Write a Java program that reads a list of numbers and finds the maximum value, then prints the result.",General,good
"Generate a PHP function that generates a random password of a specified length, using a mix of uppercase and lowercase letters, numbers, and special characters.",General,good
I need to get some data,General,poor
"Create a Python script that simulates a coin toss game, with a player winning or losing based on the result of the toss.",General,good
"Design a Java class to represent a bank account, with methods for depositing and withdrawing funds, as well as getting the current balance.",General,excellent
"Write a Ruby script that reads a CSV file and outputs the data in a JSON object, with a maximum of 5 rows.",General,excellent
Build a simple machine learning model in Python using scikit-learn to classify handwritten digits.,General,good
"Generate a C++ program that calculates the area and perimeter of a rectangle, given the length and width.",General,good
"Make a JavaScript function that validates a password using a set of rules, including length, digit, and special character requirements.",General,good
I need a task done,General,poor
"Create a Java program that plays a simple game of Rock, Paper, Scissors against a human player.",General,good
"Design a C++ class template to represent a stack, with methods for push, pop, and top operations.",General,excellent
"Write a PHP function that generates a random number between 1 and 100, then prints the result.",General,good
"Build a simple game in Python using Pygame, where a player controls a character that moves around the screen.",General,good
"Generate a Go program that calculates the time complexity of a given algorithm, then prints the result.",General,excellent
"Make a Java class to represent a student, with methods for getting and setting student information.",General,excellent
I need help,General,poor
"Create a C++ program that reads a text file and outputs the contents, with each line numbered.",General,good
"Design a Python class to represent a rectangle, with methods for getting and setting the length and width.",General,good
Write a Ruby script that reads a JSON file and extracts specific data into a new CSV file.,General,good
"Build a simple RESTful API in Python using Flask that allows users to create, read, and delete books.",General,good
"Generate a JavaScript function that calculates the sum of all numbers in an array, then prints the result.",General,good
Make a C# program that reads a CSV file and outputs the data in a JSON object.,General,good
I need a script,General,poor
"Create a Go program that simulates a bank account, with methods for depositing and withdrawing funds, as well as getting the current balance.",General,excellent
"Design a Java class to represent a car, with methods for getting and setting the make, model, and year.",General,excellent
"Write a PHP function that generates a random password of a specified length, using a mix of uppercase and lowercase letters, numbers, and special characters.",General,good
Build a simple web crawler in Python using Scrapy to extract data from a website.,General,good
"Generate a Python script that reads a CSV file and outputs the unique values in a specific column, formatted as a JSON object.",General,excellent
Make a JavaScript function that validates a credit card number using the Luhn algorithm.,General,excellent
I need some code,General,poor
"Create a Java program that reads a text file and counts the frequency of each word, ignoring case and punctuation.",General,good
"Design a C++ class to represent a graph with unweighted edges, and provide methods for adding nodes and edges, as well as finding the shortest path between two nodes.",General,excellent
"Write a Ruby script that simulates a coin toss game, with a player winning or losing based on the result of the toss.",General,good
Build a simple machine learning model in Python using scikit-learn to classify images.,General,good
"Generate a Go program that calculates the area and perimeter of a rectangle, given the length and width.",General,good
Make a C# program that reads a JSON file and extracts specific data into a new CSV file.,General,good
I need a program,General,poor
"Create a Python script that generates a password with at least 12 characters, including uppercase letters, lowercase letters, and digits. The password should not contain any of the user's name or birthdate. Return the password as a string.",General,excellent
Write a Java method that takes an array of integers and returns the maximum sum of a contiguous subarray.,General,excellent
Design a RESTful API endpoint to retrieve the top 10 most expensive items in an online store. The API should return a JSON object with the item names and prices.,General,excellent
Create a Python script that takes a list of numbers and returns the sum of the squares of the even numbers.,General,good
Write a JavaScript function that takes a string and returns the first occurrence of the word 'hello'.,General,good
Build a simple chatbot using Python and natural language processing techniques.,General,poor
Create a C++ program that takes two integers as input and returns their sum.,General,good
"Design a database schema to store information about books, including title, author, and publication date.",General,excellent
Write a Python function that takes a string and returns the string with all vowels removed.,General,good
Develop a machine learning model to predict stock prices using historical data.,General,good
Create a Python script that takes a list of strings and returns the longest string.,General,good
Implement a queue data structure using a linked list in Python.,General,excellent
Write a Java program that takes a string and returns the string with all spaces removed.,General,good
Design a GUI application using Python and the Tkinter library to display a list of items.,General,good
Create a C++ program that takes a list of integers and returns the maximum value.,General,excellent
Develop a web scraper using Python to extract information from a website.,General,good
Write a Python function that takes two lists of numbers and returns the dot product.,General,good
Create a Java program that takes a string and returns the string with all characters reversed.,General,good
Design a simple banking system using object-oriented programming in Java.,General,good
Implement a binary search algorithm in Python to find an element in a sorted list.,General,excellent
Create a Python script that takes a list of strings and returns the strings that contain the word 'python'.,General,good
Write a JavaScript function that takes a string and returns the string with all digits removed.,General,good
Develop a game using Python and the Pygame library to display a bouncing ball.,General,good
Create a C++ program that takes a string and returns the string with all vowels removed.,General,good
"Design a simple database to store information about students, including name, grade, and department.",General,excellent
Write a Python function that takes a string and returns the string with all spaces replaced with underscores.,General,good
Implement a stack data structure using a linked list in Python.,General,excellent
Create a Java program that takes a string and returns the string with all characters in uppercase.,General,good
Develop a simple machine learning model to predict house prices using historical data.,General,good
Create a Python script that takes a list of numbers and returns the average value.,General,good
Write a JavaScript function that takes a string and returns the string with all characters in lowercase.,General,good
Design a simple GUI application using Python and the PyQt library to display a list of items.,General,good
Create a C++ program that takes a list of integers and returns the sum of the squares of the even numbers.,General,good
Implement a binary search tree in Python to store a list of numbers.,General,excellent
Write a Python function that takes two lists of numbers and returns the cross product.,General,good
Develop a simple chatbot using JavaScript and natural language processing techniques.,General,poor
Create a Java program that takes a string and returns the string with all characters in reverse order.,General,good
Design a simple banking system using object-oriented programming in Python.,General,good
Create a Python script that takes a list of numbers and returns the maximum value.,General,good
Write a JavaScript function that takes a string and returns the string with all spaces replaced with underscores.,General,good
Implement a queue data structure using a linked list in Java.,General,excellent
Create a C++ program that takes a string and returns the string with all vowels removed.,General,good
"Design a simple database to store information about books, including title, author, and publication date.",General,excellent
Write a Python function that takes a string and returns the string with all digits removed.,General,good
Develop a machine learning model to predict stock prices using historical data.,General,good
Create a Java program that takes a list of integers and returns the sum of the squares of the even numbers.,General,good
"Create a Python script to generate a random quiz with 10 questions on history, with each question having 4 possible answers and the correct answer being a random choice between them, and save the quiz to a CSV file named 'history_quiz.csv'.",General,excellent
"Build a RESTful API using Node.js and Express to create, read, and update user information in a MongoDB database, using the Mongoose library.",General,excellent
Develop a web scraping tool using BeautifulSoup and Scrapy to extract information from a website about the latest news in technology.,General,good
"Make a script that checks if a password is strong or not, using Python.",General,good
"I need a script to create a simple calculator that can perform basic math operations like addition, subtraction, multiplication, and division.",General,good
"Create a Python script to generate a password of a given length and complexity using a combination of uppercase and lowercase letters, numbers, and special characters.",General,excellent
Write a Java program to find the prime numbers up to a given number.,General,good
I need a script to send an email from my server using Python.,General,good
"Design a data structure to represent a binary tree and provide methods to traverse the tree in-order, pre-order, and post-order.",General,excellent
Develop a chatbot using Python and the Natural Language Processing library NLTK.,General,good
Write a Python script to convert a PDF file to a Word document.,General,good
Create a web application using Flask and SQLite to display a list of books and their authors.,General,excellent
"Build a RESTful API using Ruby on Rails to create, read, and update user information in a MySQL database.",General,excellent
Develop a tool to automate the process of sending reminders to users using a scheduling library like schedule or APScheduler.,General,good
I need a script to extract data from an Excel file using Python.,General,good
"Create a Python script to generate a random password of a given length and complexity using a combination of uppercase and lowercase letters, numbers, and special characters.",General,excellent
Write a Java program to find the factorial of a given number.,General,good
Design a data structure to represent a graph and provide methods to add edges and vertices.,General,excellent
Develop a Python script to send an email from my server.,General,good
"Create a simple calculator that can perform basic math operations like addition, subtraction, multiplication, and division using Java.",General,good
Write a Python script to find the prime numbers up to a given number.,General,good
"Build a RESTful API using Django to create, read, and update user information in a PostgreSQL database.",General,excellent
Develop a tool to automate the process of sending reminders to users.,General,good
Create a web application using Ruby on Rails to display a list of books and their authors.,General,excellent
Write a Python script to convert a PDF file to a Word document.,General,good
I need a script to generate a random quiz with 10 questions on history.,General,poor
Create a Python script to send an email from my server using a scheduling library like schedule or APScheduler.,General,good
Develop a chatbot using Node.js and the Natural Language Processing library NLTK.,General,good
Design a data structure to represent a binary tree.,General,good
"Build a RESTful API using Python and the Flask framework to create, read, and update user information in a MongoDB database.",General,excellent
I need a script to extract data from an Excel file.,General,good
"Create a simple calculator that can perform basic math operations like addition, subtraction, multiplication, and division.",General,good
Write a Java program to find the prime numbers up to a given number.,General,good
Develop a Python script to convert a Word document to a PDF file.,General,good
Create a web application using Node.js and Express to display a list of books and their authors.,General,excellent
Design a data structure to represent a graph.,General,good
I need a script to send an email from my server.,General,good
"Build a RESTful API using Ruby on Rails to create, read, and update user information in a SQLite database.",General,excellent
Develop a tool to automate the process of sending reminders to users using Python.,General,good
Create a Python script to generate a random password of a given length and complexity.,General,excellent
Write a Python script to find the prime numbers up to a given number.,General,good
"Create a simple calculator that can perform basic math operations like addition, subtraction, multiplication, and division using Python.",General,good
I need a script to convert a PDF file to a Word document.,General,good
"Build a RESTful API using Node.js and Express to create, read, and update user information in a PostgreSQL database.",General,excellent
Develop a chatbot using Python and the Natural Language Processing library NLTK.,General,good
"Design a data structure to represent a binary tree and provide methods to traverse the tree in-order, pre-order, and post-order.",General,excellent
Create a Python script to extract data from an Excel file.,General,good
"I need a script to generate a random quiz with 10 questions on history, with each question having 4 possible answers and the correct answer being a random choice between them.",General,poor
"Build a RESTful API using Django to create, read, and update user information in a MySQL database.",General,excellent
Develop a tool to automate the process of sending reminders to users using a scheduling library like schedule or APScheduler.,General,good
Create a web application using Ruby on Rails to display a list of books and their authors.,General,excellent
Write a Java program to find the factorial of a given number.,General,good
Design a data structure to represent a graph and provide methods to add edges and vertices.,General,excellent
I need a script to send an email from my server using Python.,General,good
"Create a Python script to generate a password of a given length and complexity using a combination of uppercase and lowercase letters, numbers, and special characters.",General,excellent
Develop a chatbot using Node.js and the Natural Language Processing library NLTK.,General,good
"Create a simple calculator that can perform basic math operations like addition, subtraction, multiplication, and division.",General,good
"Build a RESTful API using Python and the Flask framework to create, read, and update user information in a PostgreSQL database.",General,excellent
"I'd like to generate a Python script to automate a task for a web scraping project. The task involves extracting product information from an e-commerce website. Please include error handling and a commented explanation of the code. The output should be a Python file named 'scrape.py'. Ensure the script can handle up to 100 concurrent requests and store the extracted data in a SQLite database, 'products.db'.",General,excellent
"Can you build a Java class to convert CSV files to JSON? The class should take a CSV file and an output directory as input, and produce a JSON file for each row in the CSV.",General,excellent
I need a JavaScript function to calculate the area of a rectangle. The function should take the length and width as arguments and return the area as a string 'x square units'.,General,good
Create a C++ program that prints 'Hello World!'.,General,good
What is the best way to store data in a database?,General,poor
I'd like to create an Android app that displays a list of items. The list should be sorted alphabetically and allow users to add new items. Can you provide a basic layout and code?,General,excellent
How do I use a library in my Python project?,General,poor
"Build a Node.js API to handle user authentication. The API should take a username and password as input, and authenticate the user using a predefined users array. Return a 200 status code if the user is authenticated, otherwise return a 401 status code.",General,excellent
Can you generate a PHP script to connect to a MySQL database and retrieve all the tables in the database?,General,good
"Create a Python class to represent a person. The class should have attributes for name, age, and occupation, and methods to display the person's information and update their age.",General,excellent
I need a C++ program that calculates the factorial of a number. The program should take an integer input and return the factorial as a string 'x'.,General,good
What is the difference between a for loop and a while loop?,General,poor
"I'd like to create a RESTful API using Flask to handle user requests. The API should be able to handle GET, POST, PUT, and DELETE requests. Can you provide a basic example?",General,excellent
Can you generate a Ruby script to scrape data from a website and store it in a CSV file?,General,good
"Create a Java class to represent a rectangle. The class should have attributes for width and height, and methods to calculate the area and perimeter of the rectangle.",General,excellent
I need a Bash script to calculate the sum of all numbers in a file. The script should take a file as input and return the sum as an integer.,General,good
What is object-oriented programming?,General,poor
I'd like to create an iOS app that displays a list of items. The list should be sorted alphabetically and allow users to add new items. Can you provide a basic layout and code?,General,excellent
Can you generate a PHP script to connect to a PostgreSQL database and retrieve all the tables in the database?,General,good
"Create a Python class to represent a bank account. The class should have attributes for account number, balance, and account holder's name, and methods to deposit and withdraw money.",General,excellent
I need a C++ program that sorts an array of integers in ascending order. The program should take an array and its size as input and return the sorted array.,General,good
What is the difference between a class and an object?,General,poor
I'd like to create a web page using HTML and CSS to display a list of items. The list should be sorted alphabetically and allow users to add new items. Can you provide a basic layout and code?,General,excellent
Can you generate a Java script to connect to a MySQL database and retrieve all the tables in the database?,General,good
Create a Python function to convert a CSV file to a JSON file. The function should take a CSV file as input and produce a JSON file as output.,General,excellent
I need a C++ program that calculates the square root of a number. The program should take a float input and return the square root as a float.,General,good
What is the best way to optimize the performance of a database?,General,poor
I'd like to create an Android app that displays a list of items. The list should be sorted alphabetically and allow users to add new items. Can you provide a basic layout and code?,General,excellent
Can you generate a PHP script to connect to a SQLite database and retrieve all the tables in the database?,General,good
"Create a Python class to represent a student. The class should have attributes for name, age, and grade, and methods to display the student's information and update their grade.",General,excellent
I need a Java program that prints 'Hello World!' in uppercase.,General,good
What is the difference between a getter and a setter?,General,poor
"I'd like to create a RESTful API using Django to handle user requests. The API should be able to handle GET, POST, PUT, and DELETE requests. Can you provide a basic example?",General,excellent
Can you generate a Bash script to calculate the factorial of a number. The script should take an integer input and return the factorial as a string 'x'.,General,good
Create a Python function to calculate the Fibonacci sequence up to a given number. The function should take an integer input and return the Fibonacci sequence as a list.,General,excellent
I need a C++ program that calculates the greatest common divisor (GCD) of two numbers. The program should take two integers as input and return the GCD as an integer.,General,good
What is recursion?,General,poor
I'd like to create an iOS app that displays a list of items. The list should be sorted alphabetically and allow users to add new items. Can you provide a basic layout and code?,General,excellent
Can you generate a PHP script to connect to a PostgreSQL database and retrieve all the tables in the database?,General,good
"Create a Python class to represent a book. The class should have attributes for title, author, and publication date, and methods to display the book's information and update its publication date.",General,excellent
I need a Java program that sorts an array of integers in descending order. The program should take an array and its size as input and return the sorted array.,General,good
What is the best way to handle errors in a program?,General,poor
I'd like to create a web page using HTML and CSS to display a list of items. The list should be sorted alphabetically and allow users to add new items. Can you provide a basic layout and code?,General,excellent
Can you generate a Python script to automate a task for a data entry project. The task involves extracting data from a spreadsheet and saving it to a CSV file. Please include error handling and a commented explanation of the code. The output should be a Python file named 'data_entry.py'. Ensure the script can handle up to 10 Excel files and store the extracted data in a CSV file named 'data.csv'.,General,excellent
Create a C++ program that calculates the median of a list of numbers. The program should take a list of integers as input and return the median as a float.,General,good
What is object composition?,General,poor
I'd like to create an Android app that displays a list of items. The list should be sorted alphabetically and allow users to add new items. Can you provide a basic layout and code?,General,excellent
Can you generate a Ruby script to scrape data from a website and store it in a CSV file?,General,good
"Create a Python class to represent a vehicle. The class should have attributes for make, model, year, and color, and methods to display the vehicle's information and update its color.",General,excellent
I need a Java program that prints a string 'Hello World!' with a newline character.,General,good
What is the difference between a stack and a queue?,General,poor
"I'd like to create a RESTful API using Express to handle user requests. The API should be able to handle GET, POST, PUT, and DELETE requests. Can you provide a basic example?",General,excellent
Can you generate a Bash script to calculate the sum of all numbers in a file. The script should take a file as input and return the sum as an integer.,General,good
Create a Python function to convert a JSON file to a CSV file. The function should take a JSON file as input and produce a CSV file as output.,General,excellent
I need a C++ program that sorts an array of integers in ascending order using quicksort. The program should take an array and its size as input and return the sorted array.,General,good
What is encapsulation?,General,poor
I'd like to create a web page using HTML and CSS to display a list of items. The list should be sorted alphabetically and allow users to add new items. Can you provide a basic layout and code?,General,excellent
Can you generate a Java script to connect to a PostgreSQL database and retrieve all the tables in the database?,General,good
"Create a Python class to represent a customer. The class should have attributes for name, email, and phone number, and methods to display the customer's information and update their phone number.",General,excellent
I need a Bash script to calculate the GCD of two numbers. The script should take two integers as input and return the GCD as an integer.,General,good
What is inheritance?,General,poor
I'd like to create an Android app that displays a list of items. The list should be sorted alphabetically and allow users to add new items. Can you provide a basic layout and code?,General,excellent
Can you generate a Ruby script to scrape data from a website and store it in a CSV file?,General,good
Create a Python function to calculate the average of a list of numbers. The function should take a list of floats as input and return the average as a float.,General,excellent
"Develop a Python script that takes user input and calculates the area of a rectangle given its length and width, and output the result in a formatted string.",General,excellent
"Write a Java function to check if a string is a palindrome, then test it with the string 'madam'.",General,excellent
"Create a C++ program to calculate the average grade of a student based on three exams, with exam1 being 80, exam2 being 75, and exam3 being 92.",General,excellent
"I need a Python script to scrape the title and body of a webpage, and print these to the console.",General,good
Can you write a function in JavaScript that generates a random password of 12 characters?,General,good
I want to make a Java program that finds the max value and the min value of an array of integers.,General,good
Create a script that generates a 5x5 matrix with random numbers between 1 and 100.,General,excellent
Write a Python function that concatenates two lists and returns the result.,General,excellent
Can you write a function that prints a string 10 times?,General,poor
"Make a C++ program that takes an array of integers, sorts them and prints the result.",General,excellent
"Create a Python program that opens a file and writes the string 'Hello, World!' into it.",General,excellent
Design a function in Python that takes a list of numbers and returns the sum.,General,excellent
"Write a JavaScript function that prints 'Hello, World!' to the console.",General,excellent
Can you write a function that adds two numbers together?,General,good
I want to make a program that finds the first duplicate in an array.,General,good
"I need a Java program that prints 'Hello, World!' to the console.",General,excellent
Can you generate a random 10-digit number?,General,poor
Create a script that takes a string as input and prints it in reverse.,General,excellent
Make a Python program that finds the first element of a list that meets a certain condition.,General,excellent
Design a function in Python that takes two lists and returns the elements that are in both lists.,General,excellent
I want to make a JavaScript program that sorts an array of strings alphabetically.,General,excellent
Can you write a function that prints the numbers from 1 to 10?,General,good
Write a C++ program that takes two numbers as input and prints their sum.,General,excellent
I need a Python program that finds the maximum value in a list.,General,excellent
Can you generate a list of 5 random numbers between 1 and 100?,General,poor
Create a Java program that takes an array of integers and prints the first and last elements.,General,excellent
Design a function in Python that takes a list of strings and returns the first string that meets a certain condition.,General,excellent
I want to make a JavaScript program that takes an object and prints the keys and values.,General,good
"Can you write a function that prints 'Hello, World!' to the console 10 times?",General,poor
Write a C++ program that takes a string as input and prints its length.,General,excellent
I need a Python program that opens a file and reads its contents.,General,excellent
Create a Java program that takes an array of integers and prints the sum of the even numbers.,General,excellent
Design a function in Python that takes a list of numbers and returns the median.,General,excellent
Can you generate a random color in hexadecimal?,General,good
I want to make a JavaScript program that takes a string and prints its characters in reverse order.,General,excellent
Write a C++ program that takes two numbers as input and prints their product.,General,excellent
Can you write a function that adds two numbers together and prints the result?,General,good
Create a Python program that takes a string as input and prints its length.,General,excellent
Design a function in Python that takes a list of strings and returns the first string that meets a certain condition.,General,excellent
I want to make a Java program that takes an array of integers and prints the sum.,General,excellent
Can you generate a random 10-character string?,General,poor
Write a JavaScript function that takes a string and prints its characters in reverse order.,General,excellent
Create a C++ program that takes an array of integers and prints the first and last elements.,General,excellent
Design a function in Python that takes a list of numbers and returns the average.,General,excellent
I need a Python program that finds the index of the first occurrence of a certain string in a list.,General,excellent
Can you generate a list of 5 random numbers between 1 and 1000?,General,poor
Write a Java program that takes a string as input and prints its length.,General,excellent
Create a Python program that takes a string as input and prints its characters in reverse order.,General,excellent
Design a function in Python that takes a list of strings and returns the strings that meet a certain condition.,General,excellent
Create a Python script to sort a list of numbers in descending order. The script should not use the built-in sort function.,General,excellent
Write a C++ program to display the factors of a given number.,General,excellent
What is the syntax for creating a Java interface?,General,excellent
Generate a PHP script to calculate the area and perimeter of a rectangle with sides 10 and 20.,General,good
Build a JavaScript function to reverse a string.,General,good
Develop a Python module to convert Celsius to Fahrenheit.,General,good
Write a Python program to solve the 8 queens puzzle.,General,poor
Create a program to solve math problems.,General,poor
Make a web scraper in Python.,General,poor
Create a C++ program to calculate the sum of digits in a given number.,General,excellent
Develop a Java class to represent a bank account.,General,good
What is object-oriented programming?,General,poor
Build a Python script to simulate a coin toss.,General,good
Write a C# program to display the Fibonacci sequence up to the nth number.,General,excellent
Create a JavaScript function to check if a string is a palindrome.,General,good
Develop a Python program to play the game Hangman.,General,poor
Design a Ruby class to represent a person.,General,good
What is the difference between null and undefined in JavaScript?,General,excellent
Build a Python script to calculate the greatest common divisor of two numbers.,General,good
Create a Java program to display the prime numbers up to the nth number.,General,excellent
Write a PHP function to check if a string contains only alphabets.,General,good
Develop a Python program to simulate a bank account.,General,poor
Create a C program to calculate the area of a circle.,General,excellent
Design a C++ class to represent a stack.,General,good
What is the difference between throw and throws in Java?,General,poor
Build a JavaScript program to play the game Tic Tac Toe.,General,good
Write a Python function to check if a number is prime.,General,excellent
Develop a Java program to display the binary representation of a given number.,General,good
Create a Python script to calculate the area of a triangle.,General,excellent
Write a C# program to display the factors of a given number.,General,good
Build a JavaScript function to check if a string is a number.,General,good
Develop a Python program to simulate a lottery.,General,poor
Create a C++ program to calculate the sum of digits in a given number.,General,excellent
Design a Ruby class to represent a rectangle.,General,good
What is the difference between == and === in JavaScript?,General,poor
Build a Python script to calculate the volume of a cube.,General,excellent
Write a PHP function to display the calendar for a given month and year.,General,good
